time,Bx,By,Bz,F
18759.0,21015.41,1705.61,43990.96,48782.795375642425
18759.000694444443,21015.6,1705.35,43991.06,48782.95831441652
18759.00138888889,21015.36,1705.37,43991.05,48782.846604815924
18759.002083333333,21015.85,1705.28,43991.06,48783.06356743598
18759.00277777778,21015.69,1705.1,43991.13,48783.05147141781
18759.003472222223,21015.95,1704.92,43991.15,48783.17522395811
18759.004166666666,21016.08,1704.84,43991.18,48783.25548571354
18759.004861111112,21015.79,1704.87,43991.16,48783.11356593181
18759.005555555555,21015.93,1704.81,43991.17,48783.180799020265
18759.00625,21015.67,1704.72,43991.19,48783.083681163494
18759.006944444445,21015.65,1704.84,43991.16,48783.05220559391
18759.00763888889,21015.68,1704.86,43991.15,48783.05681078729
18759.008333333335,21015.56,1704.79,43991.19,48783.03873964598
18759.009027777778,21015.53,1705.07,43991.15,48782.99953065925
18759.00972222222,21015.41,1704.7,43991.24,48783.016063950985
18759.010416666668,21015.51,1704.94,43991.2,48783.0314597576
18759.01111111111,21015.45,1705.11,43991.14,48782.95744739345
18759.011805555554,21015.48,1705.29,43991.1,48782.94059222445
18759.0125,21015.95,1705.57,43991.06,48783.11678594347
18759.013194444444,21016.23,1706.3,43990.92,48783.136692399145
18759.01388888889,21016.45,1706.83,43990.8,48783.14180012805
18759.014583333334,21016.85,1707.05,43990.8,48783.32182483067
18759.015277777777,21017.11,1707.14,43990.81,48783.446005666716
18759.015972222223,21017.48,1706.75,43990.91,48783.68194120858
18759.016666666666,21017.78,1706.78,43990.92,48783.82125810974
18759.01736111111,21017.54,1707.05,43990.87,48783.68221763298
18759.018055555556,21017.74,1707.31,43990.8,48783.71436026269
18759.01875,21017.91,1707.92,43990.68,48783.70074478668
18759.019444444446,21017.76,1708.19,43990.61,48783.58245010098
18759.02013888889,21018.34,1708.56,43990.55,48783.79119063729
18759.020833333332,21018.29,1707.96,43990.7,48783.88390007196
18759.02152777778,21018.7,1708.68,43990.59,48783.986569165296
18759.022222222222,21020.18,1708.78,43990.56,48784.6006997536
18759.022916666665,21018.83,1708.6,43990.72,48784.15700457783
18759.02361111111,21020.21,1708.51,43990.55,48784.595152227106
18759.024305555555,21020.77,1708.5,43990.71,48784.980372518345
18759.025,21018.99,1710.03,43990.19,48783.79812455259
18759.025694444445,21021.56,1708.98,43990.5,48785.14822898461
18759.026388888888,21020.08,1710.54,43990.18,48784.276634284535
18759.027083333334,21020.92,1709.94,43990.23,48784.66262979483
18759.027777777777,21020.97,1710.26,43990.24,48784.70440892412
18759.02847222222,21021.81,1709.85,43990.29,48785.097078746294
18759.029166666667,21021.34,1709.95,43990.34,48784.94314554133
18759.02986111111,21021.88,1709.55,43990.35,48785.17083150781
18759.030555555557,21021.91,1709.31,43990.46,48785.27453787464
18759.03125,21021.48,1709.32,43990.35,48784.99041073289
18759.031944444443,21022.01,1709.14,43990.37,48785.230518227545
18759.03263888889,21021.14,1709.38,43990.31,48784.80993895641
18759.033333333333,21021.27,1709.15,43990.29,48784.839862599736
18759.03402777778,21020.98,1709.13,43990.3,48784.7232195418
18759.034722222223,21020.87,1709.19,43990.26,48784.64185458985
18759.035416666666,21020.63,1708.99,43990.32,48784.58553805085
18759.036111111112,21020.18,1708.62,43990.42,48784.46885344966
18759.036805555555,21020.72,1709.23,43990.23,48784.55157080159
18759.0375,21020.44,1708.67,43990.42,48784.58263364461
18759.038194444445,21020.34,1708.66,43990.41,48784.53017790886
18759.03888888889,21020.82,1708.35,43990.5,48784.807301504225
18759.039583333335,21020.19,1708.27,43990.49,48784.524026263694
18759.040277777778,21020.68,1708.15,43990.51,48784.74899130875
18759.04097222222,21020.69,1708.56,43990.39,48784.65945050555
18759.041666666668,21021.05,1707.81,43990.55,48784.93258580051
18759.04236111111,21019.92,1708.09,43990.44,48784.35630043816
18759.043055555554,21021.56,1706.95,43990.65,48785.212416864604
18759.04375,21020.53,1707.56,43990.59,48784.73584209101
18759.044444444444,21020.99,1707.2,43990.47,48784.81324388769
18759.04513888889,21021.31,1706.69,43990.68,48785.12264753057
18759.045833333334,21021.27,1706.97,43990.53,48784.97994951622
18759.046527777777,21021.61,1707.02,43990.5,48785.10115314408
18759.047222222223,21021.73,1706.4,43990.58,48785.203308885575
18759.047916666666,21021.73,1706.6,43990.51,48785.147184496636
18759.04861111111,21022.1,1705.95,43990.59,48785.35602371473
18759.049305555556,21021.68,1705.55,43990.67,48785.233194828535
18759.05,21021.86,1705.27,43990.65,48785.28293507172
18759.050694444446,21021.6,1705.2,43990.65,48785.16845335783
18759.05138888889,21021.71,1705.09,43990.58,48785.14888742885
18759.052083333332,21021.75,1704.99,43990.58,48785.16262860051
18759.05277777778,21021.58,1705.03,43990.54,48785.05470417042
18759.053472222222,21022.04,1704.92,43990.53,48785.24005935504
18759.054166666665,21021.85,1704.91,43990.5,48785.13078572814
18759.05486111111,21021.87,1704.6,43990.5,48785.12857118346
18759.055555555555,21021.65,1704.37,43990.54,48785.06180493164
18759.05625,21021.47,1704.68,43990.42,48784.88686714052
18759.056944444445,21021.25,1704.99,43990.31,48784.70371293342
18759.057638888888,21020.91,1705.02,43990.26,48784.51317063747
18759.058333333334,21021.04,1705.03,43990.27,48784.578553631065
18759.059027777777,21020.52,1705.4,43990.19,48784.295285127366
18759.05972222222,21020.6,1705.3,43990.17,48784.30822589267
18759.060416666667,21020.38,1705.5,43990.16,48784.211405125745
18759.06111111111,21020.23,1705.38,43990.17,48784.15159481817
18759.061805555557,21020.3,1704.92,43990.32,48784.300937891894
18759.0625,21019.95,1705.13,43990.28,48784.12140028556
18759.063194444443,21019.95,1704.84,43990.33,48784.15635159637
18759.06388888889,21019.54,1704.77,43990.36,48784.00429950477
18759.064583333333,21019.73,1704.55,43990.4,48784.11454700597
18759.06527777778,21019.56,1704.38,43990.46,48784.08946356998
18759.065972222223,21019.45,1704.39,43990.45,48784.03340004903
18759.066666666666,21019.28,1704.65,43990.37,48783.897098097856
18759.067361111112,21019.09,1704.61,43990.4,48783.84088855858
18759.068055555555,21018.9,1704.61,43990.39,48783.75000770441
18759.06875,21018.7,1704.62,43990.39,48783.66418573435
18759.069444444445,21018.26,1704.67,43990.39,48783.4763581748
18759.07013888889,21017.93,1704.9,43990.34,48783.29712935053
18759.070833333335,21017.93,1705.1,43990.3,48783.26804945421
18759.071527777778,21018.0,1705.25,43990.32,48783.32148659929
18759.07222222222,21018.01,1705.31,43990.35,48783.35494488566
18759.072916666668,21017.94,1705.18,43990.38,48783.347294137166
18759.07361111111,21017.94,1705.14,43990.39,48783.35491348765
18759.074305555554,21017.75,1705.21,43990.38,48783.26648299599
18759.075,21017.62,1705.14,43990.38,48783.20802723412
18759.075694444444,21017.58,1705.08,43990.41,48783.21574917853
18759.07638888889,21017.67,1705.04,43990.42,48783.262143965934
18759.077083333334,21017.55,1704.89,43990.46,48783.24127122141
18759.077777777777,21017.45,1704.86,43990.48,48783.215174407065
18759.078472222223,21017.26,1705.19,43990.41,48783.08172729353
18759.079166666666,21017.08,1705.6,43990.31,48782.92833545871
18759.07986111111,21017.1,1705.71,43990.31,48782.94079809252
18759.080555555556,21016.99,1705.83,43990.33,48782.91563814016
18759.08125,21016.92,1705.93,43990.3,48782.861924463796
18759.081944444446,21016.7,1705.92,43990.31,48782.775811063686
18759.08263888889,21016.72,1706.1,43990.28,48782.76366962823
18759.083333333332,21016.76,1706.11,43990.33,48782.826340205014
18759.08402777778,21016.7,1706.08,43990.37,48782.83551202513
18759.084722222222,21016.74,1705.86,43990.43,48782.89915689821
18759.085416666665,21016.73,1705.75,43990.49,48782.94510784993
18759.08611111111,21016.84,1705.76,43990.47,48782.97481277767
18759.086805555555,21016.99,1705.72,43990.48,48783.04705539518
18759.0875,21016.9,1705.57,43990.51,48783.030089314874
18759.088194444445,21016.93,1705.61,43990.5,48783.03539497107
18759.088888888888,21017.3,1705.61,43990.5,48783.1948012028
18759.089583333334,21017.52,1705.48,43990.55,48783.3301270352
18759.090277777777,21017.73,1705.13,43990.66,48783.50756050041
18759.09097222222,21017.79,1704.85,43990.74,48783.59576491056
18759.091666666667,21017.88,1704.99,43990.69,48783.59434554408
18759.09236111111,21018.03,1705.08,43990.66,48783.635064669994
18759.093055555557,21018.18,1705.16,43990.63,48783.67543487165
18759.09375,21018.52,1705.18,43990.59,48783.786552202975
18759.094444444443,21018.54,1705.08,43990.6,48783.80069139755
18759.09513888889,21018.59,1705.04,43990.61,48783.82985336227
18759.095833333333,21018.72,1705.14,43990.57,48783.85328961725
18759.09652777778,21018.67,1705.38,43990.5,48783.77701411915
18759.097222222223,21018.54,1705.66,43990.4,48783.640617805475
18759.097916666666,21018.4,1705.83,43990.34,48783.53213805351
18759.098611111112,21018.46,1706.14,43990.27,48783.50570781173
18759.099305555555,21018.55,1706.46,43990.21,48783.501572541914
18759.1,21018.55,1706.8,43990.17,48783.47739728483
18759.100694444445,21018.57,1706.8,43990.19,48783.504049227544
18759.10138888889,21018.61,1706.72,43990.24,48783.56357163855
18759.102083333335,21018.72,1706.82,43990.25,48783.623481792536
18759.102777777778,21018.65,1706.96,43990.2,48783.55313324461
18759.10347222222,21018.75,1706.92,43990.19,48783.58580183503
18759.104166666668,21018.67,1707.26,43990.15,48783.52716131748
18759.10486111111,21018.8,1707.55,43990.09,48783.539218168655
18759.105555555554,21018.98,1707.69,43990.09,48783.62167351456
18759.10625,21018.86,1707.75,43990.1,48783.58108802694
18759.106944444444,21018.84,1707.74,43990.14,48783.60819038297
18759.10763888889,21018.71,1707.88,43990.15,48783.56609741645
18759.108333333334,21018.84,1707.92,43990.16,48783.63252667436
18759.109027777777,21018.71,1708.04,43990.19,48783.60776881718
18759.109722222223,21018.5,1708.15,43990.21,48783.539175797814
18759.110416666666,21018.47,1708.28,43990.19,48783.512767485285
18759.11111111111,21018.49,1708.41,43990.18,48783.51691955593
18759.111805555556,21018.5,1708.42,43990.19,48783.53059570925
18759.1125,21018.34,1708.62,43990.18,48783.45964660973
18759.113194444446,21018.23,1708.85,43990.18,48783.420309443245
18759.11388888889,21018.14,1708.87,43990.2,48783.40026870308
18759.114583333332,21018.2,1708.88,43990.23,48783.453522145195
18759.11527777778,21018.16,1709.06,43990.25,48783.4606289027
18759.115972222222,21018.11,1709.09,43990.25,48783.44013763995
18759.116666666665,21018.14,1708.96,43990.32,48783.51163091481
18759.11736111111,21018.2,1709.0,43990.38,48783.59298764698
18759.118055555555,21018.28,1709.12,43990.4,48783.64969426539
18759.11875,21018.12,1709.2,43990.44,48783.61963167555
18759.119444444445,21018.19,1709.18,43990.5,48783.703194801645
18759.120138888888,21018.4,1709.28,43990.53,48783.82422852169
18759.120833333334,21018.62,1709.33,43990.55,48783.93880218981
18759.121527777777,21018.6,1709.41,43990.55,48783.93298833747
18759.12222222222,21018.78,1709.43,43990.61,48784.06534705159
18759.122916666667,21018.86,1709.35,43990.67,48784.15111663828
18759.12361111111,21019.09,1709.22,43990.69,48784.2636934555
18759.124305555557,21019.14,1709.07,43990.77,48784.3521202998
18759.125,21019.19,1709.11,43990.86,48784.45622109362
18759.125694444443,21019.19,1709.08,43990.84,48784.437135300635
18759.12638888889,21019.22,1709.11,43990.82,48784.433077293215
18759.127083333333,21019.54,1709.1,43990.92,48784.660776395685
18759.12777777778,21019.63,1709.21,43990.95,48784.730460088635
18759.128472222223,21019.77,1709.38,43991.0,48784.84182445711
18759.129166666666,21019.95,1709.39,43991.09,48785.0008871856
18759.129861111112,21020.11,1709.28,43991.16,48785.12909356805
18759.130555555555,21020.24,1709.3,43991.22,48785.23991163721
18759.13125,21020.06,1709.51,43991.24,48785.18774773036
18759.131944444445,21020.03,1709.44,43991.37,48785.28959421477
18759.13263888889,21020.11,1709.29,43991.4,48785.34585996291
18759.133333333335,21020.16,1709.4,43991.52,48785.479465677075
18759.134027777778,21020.35,1709.36,43991.59,48785.623050855866
18759.13472222222,21020.45,1709.46,43991.55,48785.63357277017
18759.135416666668,21020.6,1709.63,43991.61,48785.75826497934
18759.13611111111,21020.71,1709.9,43991.71,48785.905296901066
18759.136805555554,21020.89,1709.86,43991.76,48786.02653946415
18759.1375,21021.0,1709.79,43991.86,48786.16165577796
18759.138194444444,21020.99,1709.95,43991.87,48786.1719719789
18759.13888888889,21021.21,1710.18,43991.86,48786.2658107392
18759.139583333334,21021.48,1710.41,43991.93,48786.45333372165
18759.140277777777,21021.49,1710.63,43991.95,48786.483390581656
18759.140972222223,21021.26,1710.82,43992.03,48786.46308742723
18759.141666666666,21021.28,1711.06,43992.08,48786.52520818018
18759.14236111111,21021.17,1711.46,43992.1,48786.50987630187
18759.143055555556,21021.13,1711.56,43992.07,48786.4690974393
18759.14375,21021.31,1711.83,43992.21,48786.682370797665
18759.144444444446,21021.52,1711.82,43992.28,48786.83562623426
18759.14513888889,21021.62,1711.77,43992.31,48786.904012177285
18759.145833333332,21021.72,1711.82,43992.26,48786.903769130506
18759.14652777778,21021.92,1711.98,43992.44,48787.15787131282
18759.147222222222,21022.03,1712.08,43992.47,48787.235830165664
18759.147916666665,21021.81,1712.31,43992.51,48787.185175128725
18759.14861111111,21021.79,1712.39,43992.58,48787.242485844596
18759.149305555555,21021.8,1712.43,43992.7,48787.356405475584
18759.15,21021.79,1712.46,43992.79,48787.43430474491
18759.150694444445,21021.8,1712.63,43992.84,48787.489667152375
18759.151388888888,21021.92,1712.88,43992.78,48787.49604672492
18759.152083333334,21021.93,1713.06,43992.8,48787.52470999631
18759.152777777777,21021.99,1713.12,43992.87,48787.61579060202
18759.15347222222,21022.05,1713.13,43992.98,48787.74118443895
18759.154166666667,21022.09,1713.15,43993.0,48787.777156687516
18759.15486111111,21022.1,1713.31,43993.04,48787.823152992794
18759.155555555557,21021.95,1713.45,43993.07,48787.79048829635
18759.15625,21022.01,1713.45,43993.14,48787.879462036464
18759.156944444443,21022.04,1713.62,43993.24,48787.988531641684
18759.15763888889,21021.99,1713.88,43993.24,48787.97612027066
18759.158333333333,21021.9,1714.15,43993.29,48787.99191252495
18759.15902777778,21022.0,1714.37,43993.33,48788.07879990562
18759.159722222223,21021.97,1714.66,43993.4,48788.139185221036
18759.160416666666,21021.94,1714.97,43993.42,48788.155189153236
18759.161111111112,21022.05,1714.96,43993.42,48788.20223476676
18759.161805555555,21021.96,1715.34,43993.41,48788.167796969996
18759.1625,21022.1,1715.48,43993.47,48788.287146417635
18759.163194444445,21022.13,1715.68,43993.58,48788.406295099456
18759.16388888889,21022.11,1715.88,43993.61,48788.43176264841
18759.164583333335,21022.3,1715.8,43993.64,48788.53786884374
18759.165277777778,21022.3,1715.95,43993.64,48788.543144288495
18759.16597222222,21022.45,1715.85,43993.75,48788.70344954352
18759.166666666668,21022.49,1715.84,43993.87,48788.82853976513
18759.16736111111,21022.55,1715.82,43993.9,48788.880741260095
18759.168055555554,21022.66,1715.65,43993.93,48788.94921232676
18759.16875,21022.64,1715.6,43994.01,48789.01097388325
18759.169444444444,21022.7,1715.53,43994.03,48789.05240022396
18759.17013888889,21022.89,1715.4,43994.15,48789.23790483512
18759.170833333334,21022.9,1715.43,43994.23,48789.315406016925
18759.171527777777,21022.9,1715.52,43994.21,48789.30053612677
18759.172222222223,21022.91,1715.87,43994.2,48789.308135748346
18759.172916666666,21022.84,1716.21,43994.25,48789.33501793399
18759.17361111111,21022.81,1716.5,43994.27,48789.35032749463
18759.174305555556,21022.67,1716.74,43994.25,48789.28041300671
18759.175,21022.75,1716.89,43994.4,48789.45542014791
18759.175694444446,21022.86,1717.13,43994.37,48789.484212414056
18759.17638888889,21022.93,1717.38,43994.36,48789.5141568237
18759.177083333332,21023.08,1717.29,43994.49,48789.69284583168
18759.17777777778,21023.14,1717.42,43994.64,48789.85853274838
18759.178472222222,21023.18,1717.51,43994.61,48789.8518850447
18759.179166666665,21023.29,1717.35,43994.7,48789.97480565654
18759.17986111111,21023.4,1717.46,43994.75,48790.07116180607
18759.180555555555,21023.45,1717.43,43994.83,48790.163787758494
18759.18125,21023.5,1717.5,43994.92,48790.26895095373
18759.181944444445,21023.49,1717.49,43994.96,48790.30035859382
18759.182638888888,21023.52,1717.56,43995.01,48790.360835354564
18759.183333333334,21023.56,1717.63,43995.1,48790.46168976576
18759.184027777777,21023.63,1717.77,43995.11,48790.50579838151
18759.18472222222,21023.69,1717.99,43995.04,48790.47627824307
18759.185416666667,21023.78,1718.24,43995.08,48790.55993112193
18759.18611111111,21023.96,1718.26,43995.15,48790.70131727664
18759.186805555557,21023.97,1718.4,43995.21,48790.76465956442
18759.1875,21023.99,1718.58,43995.16,48790.73453189755
18759.188194444443,21023.94,1719.0,43995.09,48790.66466273748
18759.18888888889,21023.97,1719.48,43995.08,48790.68548645018
18759.189583333333,21024.01,1719.65,43995.1,48790.72674814959
18759.19027777778,21023.97,1719.63,43995.18,48790.78094404926
18759.190972222223,21023.82,1719.61,43995.23,48790.76068988267
18759.191666666666,21023.7,1719.81,43995.21,48790.69799736626
18759.192361111112,21023.53,1720.02,43995.25,48790.66821661495
18759.193055555555,21023.56,1720.15,43995.24,48790.67670932326
18759.19375,21023.55,1720.39,43995.25,48790.689879495454
18759.194444444445,21023.47,1720.72,43995.18,48790.60392526106
18759.19513888889,21023.33,1720.88,43995.23,48790.59432940124
18759.195833333335,21023.28,1721.15,43995.21,48790.56427450906
18759.196527777778,21023.24,1721.31,43995.25,48790.588752096446
18759.19722222222,21023.18,1721.29,43995.19,48790.50809033044
18759.197916666668,21023.12,1721.7,43995.2,48790.50572052313
18759.19861111111,21023.13,1722.05,43995.17,48790.4953298109
18759.199305555554,21023.21,1722.17,43995.23,48790.58813916779
18759.2,21023.34,1722.42,43995.18,48790.607893778084
18759.200694444444,21023.36,1722.33,43995.23,48790.65842014638
18759.20138888889,21023.2,1722.43,43995.33,48790.68317982236
18759.202083333334,21023.12,1722.38,43995.33,48790.64694393486
18759.202777777777,21023.02,1722.53,43995.35,48790.62718539084
18759.203472222223,21023.03,1722.53,43995.35,48790.63149421516
18759.204166666666,21023.1,1722.47,43995.36,48790.66855496551
18759.20486111111,21023.06,1722.53,43995.33,48790.62638636032
18759.205555555556,21022.9,1722.39,43995.35,48790.57053719089
18759.20625,21022.74,1722.87,43995.31,48790.48247497251
18759.206944444446,21022.67,1723.27,43995.15,48790.32216479309
18759.20763888889,21022.63,1723.4,43995.1,48790.26443550906
18759.208333333332,21022.62,1723.46,43995.07,48790.23519456429
18759.20902777778,21022.51,1723.43,43995.08,48790.19575561672
18759.209722222222,21022.47,1723.59,43995.03,48790.1390866013
18759.210416666665,21022.35,1723.43,43995.11,48790.15386734807
18759.21111111111,21022.4,1723.54,43995.11,48790.17929669556
18759.211805555555,21022.27,1723.43,43995.06,48790.074311497
18759.2125,21021.96,1723.94,43995.0,48789.90465624216
18759.213194444445,21021.83,1724.31,43994.78,48789.66333941443
18759.213888888888,21021.81,1724.88,43994.71,48789.61174957841
18759.214583333334,21021.75,1725.13,43994.68,48789.5676849242
18759.215277777777,21021.67,1725.31,43994.66,48789.52154613325
18759.21597222222,21021.64,1725.57,43994.59,48789.454694458305
18759.216666666667,21021.56,1725.89,43994.54,48789.38645788959
18759.21736111111,21021.45,1725.82,43994.55,48789.34560411116
18759.218055555557,21021.31,1725.85,43994.57,48789.30437937705
18759.21875,21021.38,1725.71,43994.58,48789.338604708515
18759.219444444443,21021.37,1725.86,43994.61,48789.366653694124
18759.22013888889,21021.28,1725.6,43994.64,48789.34573170663
18759.220833333333,21021.13,1725.63,43994.75,48789.381354310084
18759.22152777778,21020.94,1725.87,43994.61,48789.181739322084
18759.222222222223,21020.71,1726.13,43994.56,48789.046755133466
18759.222916666666,21020.41,1726.37,43994.51,48788.88090625875
18759.223611111112,21020.34,1726.24,43994.56,48788.8912340381
18759.224305555555,21020.24,1726.77,43994.5,48788.81280109714
18759.225,21019.93,1726.98,43994.44,48788.63256988148
18759.225694444445,21019.84,1726.98,43994.44,48788.59379465246
18759.22638888889,21019.75,1726.94,43994.46,48788.571638424706
18759.227083333335,21019.47,1727.17,43994.5,48788.495217005824
18759.227777777778,21019.33,1727.26,43994.51,48788.44710478701
18759.22847222222,21019.2,1727.22,43994.47,48788.35361179244
18759.229166666668,21019.05,1727.18,43994.52,48788.33265941049
18759.22986111111,21019.11,1727.22,43994.52,48788.359924790464
18759.230555555554,21018.93,1727.29,43994.57,48788.3299424555
18759.23125,21018.85,1727.03,43994.67,48788.376447185656
18759.231944444444,21019.01,1726.86,43994.71,48788.475430410814
18759.23263888889,21018.97,1726.94,43994.78,48788.524151411875
18759.233333333334,21018.81,1726.85,43994.85,48788.51515737182
18759.234027777777,21018.42,1727.19,43994.77,48788.28703639225
18759.234722222223,21018.21,1727.32,43994.77,48788.20116933396
18759.235416666666,21017.61,1727.71,43994.67,48787.86632314535
18759.23611111111,21017.24,1728.0,43994.54,48787.599972013384
18759.236805555556,21017.1,1728.25,43994.56,48787.56655200277
18759.2375,21016.9,1728.56,43994.47,48787.41021887204
18759.238194444446,21016.75,1728.66,43994.52,48787.394232409046
18759.23888888889,21016.65,1728.85,43994.52,48787.35788680711
18759.239583333332,21016.14,1729.54,43994.32,48786.98229418991
18759.24027777778,21016.06,1730.85,43994.11,48786.80492036961
18759.240972222222,21015.58,1730.65,43994.23,48786.69926785168
18759.241666666665,21015.27,1730.72,43994.2,48786.54116179276
18759.24236111111,21014.95,1730.98,43994.21,48786.42156160872
18759.243055555555,21014.67,1731.11,43994.25,48786.341634759825
18759.24375,21014.21,1731.03,43994.25,48786.14065334027
18759.244444444445,21014.04,1731.1,43994.24,48786.060893550326
18759.245138888888,21013.9,1731.2,43994.31,48786.06726337039
18759.245833333334,21013.73,1731.18,43994.33,48786.01136447005
18759.246527777777,21013.54,1730.64,43994.49,48786.05465193204
18759.24722222222,21013.37,1730.59,43994.52,48786.00670822936
18759.247916666667,21013.17,1730.75,43994.49,48785.899185845694
18759.24861111111,21012.8,1730.7,43994.56,48785.80117127933
18759.249305555557,21012.5,1730.54,43994.64,48785.738424986455
18759.25,21012.13,1730.86,43994.51,48785.47318225581
18759.250694444443,21011.74,1731.17,43994.38,48785.19897449328
18759.25138888889,21011.14,1731.37,43994.38,48784.94765561299
18759.252083333333,21011.13,1730.85,43994.51,48785.04213116455
18759.25277777778,21011.09,1730.86,43994.62,48785.124456868005
18759.253472222223,21010.36,1732.25,43994.28,48784.55278170027
18759.254166666666,21010.06,1732.37,43994.17,48784.3286415771
18759.254861111112,21010.24,1732.53,43994.2,48784.43889908441
18759.255555555555,21010.02,1732.85,43994.13,48784.29238986459
18759.25625,21009.5,1732.92,43994.16,48784.09798368727
18759.256944444445,21009.45,1732.53,43994.25,48784.14376173779
18759.25763888889,21009.56,1731.95,43994.33,48784.24268495925
18759.258333333335,21009.75,1731.89,43994.43,48784.41256241075
18759.259027777778,21009.03,1732.67,43994.29,48784.00393032433
18759.25972222222,21008.78,1733.21,43994.13,48783.77115854616
18759.260416666668,21008.89,1733.23,43994.09,48783.78316810925
18759.26111111111,21008.76,1733.35,43994.02,48783.66831963849
18759.261805555554,21008.39,1733.6,43993.99,48783.49080859425
18759.2625,21008.28,1733.67,43993.93,48783.391815987954
18759.263194444444,21008.27,1733.99,43993.88,48783.353791712594
18759.26388888889,21008.08,1733.53,43993.87,48783.24660294967
18759.264583333334,21007.9,1733.78,43993.9,48783.205027021344
18759.265277777777,21007.59,1734.14,43993.91,48783.09334427041
18759.265972222223,21007.37,1734.28,43993.86,48782.95849100278
18759.266666666666,21007.28,1733.74,43993.94,48782.97268627241
18759.26736111111,21007.27,1733.75,43993.9,48782.93266220677
18759.268055555556,21007.0,1734.34,43993.67,48782.62994452533
18759.26875,21006.56,1733.68,43993.79,48782.52523127621
18759.269444444446,21006.51,1733.23,43993.97,48782.650040500055
18759.27013888889,21006.42,1732.96,43993.91,48782.54758277903
18759.270833333332,21006.11,1732.89,43993.88,48782.38455158378
18759.27152777778,21005.89,1732.96,43993.74,48782.166047043254
18759.272222222222,21005.62,1733.13,43993.68,48782.0017129648
18759.272916666665,21005.12,1733.47,43993.52,48781.65419956256
18759.27361111111,21005.07,1733.68,43993.32,48781.45976362024
18759.274305555555,21004.99,1732.92,43993.46,48781.524570252004
18759.275,21005.12,1733.0,43993.39,48781.52026030452
18759.275694444445,21005.4,1733.12,43993.35,48781.609017301795
18759.276388888888,21007.57,1727.55,43994.11,48783.03128137386
18759.277083333334,21018.55,1723.52,43996.1,48789.412586163606
18759.277777777777,21016.93,1739.63,43991.66,48785.28270613383
18759.27847222222,21018.38,1743.38,43989.91,48784.463238380515
18759.279166666667,21015.95,1746.94,43988.57,48782.335372663336
18759.27986111111,21013.52,1742.85,43989.33,48781.827587348555
18759.280555555557,21013.7,1743.11,43989.41,48781.98655559448
18759.28125,21012.65,1739.43,43990.11,48782.03413716467
18759.281944444443,21012.87,1738.67,43990.37,48782.33626777935
18759.28263888889,21011.58,1736.84,43990.52,48781.85069421209
18759.283333333333,21010.03,1736.83,43990.3,48780.98433959487
18759.28402777778,21006.58,1736.39,43989.94,48779.15820032261
18759.284722222223,21006.81,1737.4,43989.31,48778.725069564905
18759.285416666666,21006.44,1736.56,43989.58,48778.77930702653
18759.286111111112,21006.69,1739.35,43988.85,48778.32805151382
18759.286805555555,21006.3,1738.1,43988.96,48778.21473959046
18759.2875,21007.33,1737.05,43989.2,48778.83734849981
18759.288194444445,21006.49,1732.15,43990.23,48779.23022348242
18759.28888888889,21008.33,1731.98,43990.34,48780.11579962577
18759.289583333335,21010.7,1730.11,43990.52,48781.23250772268
18759.290277777778,21010.36,1727.93,43990.99,48781.43264188332
18759.29097222222,21010.13,1730.18,43990.06,48780.57466095393
18759.291666666668,21012.23,1727.62,43990.26,48781.56880733644
18759.29236111111,21012.4,1726.33,43990.69,48781.98413046563
18759.293055555554,21011.71,1724.49,43990.68,48781.61282436857
18759.29375,21012.2,1721.84,43991.23,48782.226258530885
18759.294444444444,21013.49,1722.2,43990.82,48782.4248996757
18759.29513888889,21014.53,1721.53,43990.75,48782.786126094725
18759.295833333334,21016.43,1724.02,43989.94,48782.96214980083
18759.296527777777,21015.61,1724.17,43989.44,48782.16331175361
18759.297222222223,21017.74,1723.9,43989.27,48782.91812766534
18759.297916666666,21019.01,1722.32,43989.54,48783.652968736365
18759.29861111111,21020.07,1720.79,43989.82,48784.30818061685
18759.299305555556,21019.44,1720.27,43989.65,48783.86509809366
18759.3,21018.64,1721.01,43989.15,48783.09564380063
18759.300694444446,21019.44,1719.18,43989.26,48783.47500059421
18759.30138888889,21020.1,1715.78,43989.97,48784.27990264179
18759.302083333332,21020.01,1715.37,43989.9,48784.16358457937
18759.30277777778,21019.77,1715.88,43989.41,48783.63626438071
18759.303472222222,21018.1,1714.37,43989.31,48782.77345931655
18759.304166666665,21017.44,1714.62,43989.19,48782.389678593034
18759.30486111111,21016.86,1716.41,43988.54,48781.61660789134
18759.305555555555,21017.78,1716.93,43988.25,48781.76977945552
18759.30625,21017.95,1715.78,43988.48,48782.009961883494
18759.306944444445,21018.47,1715.05,43988.7,48782.406719363484
18759.307638888888,21018.86,1714.04,43988.78,48782.61139698858
18759.308333333334,21019.75,1713.98,43988.73,48782.94768170329
18759.309027777777,21019.88,1715.48,43988.14,48782.524406844714
18759.30972222222,21020.09,1715.45,43987.88,48782.379392614705
18759.310416666667,21020.86,1713.84,43988.18,48782.92511112469
18759.31111111111,21021.62,1712.7,43988.36,48783.37487509449
18759.311805555557,21021.46,1712.8,43988.17,48783.13811472669
18759.3125,21020.73,1712.63,43987.97,48782.63723878303
18759.313194444443,21021.74,1714.4,43987.25,48782.48540767578
18759.31388888889,21021.71,1714.5,43987.13,48782.367790124736
18759.314583333333,21022.52,1713.57,43987.25,48782.7923745433
18759.31527777778,21021.9,1712.75,43987.3,48782.54148219935
18759.315972222223,21022.39,1714.18,43986.72,48782.27988463536
18759.316666666666,21022.7,1714.34,43986.52,48782.23876203305
18759.317361111112,21021.13,1712.78,43986.84,48781.795938555806
18759.318055555555,21023.42,1716.05,43985.97,48782.113247990805
18759.31875,21024.04,1715.5,43985.91,48782.3070046887
18759.319444444445,21024.86,1712.46,43986.73,48783.29297376409
18759.32013888889,21024.86,1710.71,43987.17,48783.628312504596
18759.320833333335,21025.07,1711.01,43986.9,48783.48588749066
18759.321527777778,21023.99,1712.3,43986.36,48782.57878443595
18759.32222222222,21023.05,1712.77,43985.92,48781.79343383964
18759.322916666668,21023.55,1713.03,43985.66,48781.78360842293
18759.32361111111,21020.75,1712.12,43985.72,48780.59910840887
18759.324305555554,21020.88,1714.67,43984.88,48779.98726729744
18759.325,21020.63,1714.29,43984.86,48779.84814470623
18759.325694444444,21024.28,1714.07,43985.09,48781.620799143195
18759.32638888889,21023.07,1712.13,43985.48,48781.38284419785
18759.327083333334,21022.29,1712.17,43985.41,48780.984982071655
18759.327777777777,21020.48,1713.43,43984.84,48779.73525574836
18759.328472222223,21019.49,1713.79,43984.55,48779.05979748585
18759.329166666666,21019.9,1714.55,43984.15,48778.902498262505
18759.32986111111,21019.06,1713.65,43984.22,48778.5720231179
18759.330555555556,21019.59,1714.76,43983.72,48778.388561576125
18759.33125,21017.96,1713.54,43983.81,48777.72446526488
18759.331944444446,21018.43,1712.37,43984.02,48778.075259712736
18759.33263888889,21022.24,1714.02,43983.5,48779.3061802646
18759.333333333332,21021.39,1711.01,43984.12,48779.393240656456
18759.33402777778,21022.03,1710.18,43984.41,48779.90143492912
18759.334722222222,21025.11,1711.25,43983.85,48780.761452616745
18759.335416666665,21024.21,1708.74,43984.23,48780.62819608415
18759.33611111111,21022.19,1708.52,43983.91,48779.46137335467
18759.336805555555,21023.46,1709.86,43983.18,48779.39743891472
18759.3375,21026.79,1710.11,43982.73,48780.43575214453
18759.338194444445,21030.58,1708.58,43983.24,48782.47576384782
18759.338888888888,21027.61,1708.09,43983.31,48781.241397860096
18759.339583333334,21025.79,1705.36,43983.46,48780.49662954755
18759.340277777777,21026.66,1702.35,43984.15,48781.388638502285
18759.34097222222,21025.92,1702.66,43983.93,48780.88212780597
18759.341666666667,21024.48,1703.98,43983.33,48779.76655335386
18759.34236111111,21023.6,1704.59,43982.89,48779.01184710695
18759.343055555557,21025.27,1704.78,43982.61,48779.485809440426
18759.34375,21029.84,1704.44,43982.65,48781.479960756624
18759.344444444443,21025.56,1706.54,43982.02,48779.14037132676
18759.34513888889,21028.49,1705.86,43981.44,48779.85664691216
18759.345833333333,21028.22,1706.3,43981.33,48779.65646278478
18759.34652777778,21031.04,1705.61,43981.03,48780.57757770607
18759.347222222223,21032.71,1707.3,43980.67,48781.03214245266
18759.347916666666,21030.89,1707.09,43980.43,48780.02371304364
18759.348611111112,21029.96,1704.79,43980.76,48779.83985954956
18759.349305555555,21031.16,1703.76,43980.83,48780.38434219333
18759.35,21030.21,1704.07,43980.66,48779.83232079217
18759.350694444445,21029.33,1704.02,43980.3,48779.12660656503
18759.35138888889,21029.17,1702.76,43980.53,48779.22100226079
18759.352083333335,21026.69,1701.93,43980.59,48778.17703470579
18759.352777777778,21024.05,1701.4,43980.56,48776.993534617315
18759.35347222222,21023.52,1699.71,43980.85,48776.96765889614
18759.354166666668,21025.24,1698.83,43981.14,48777.93985118785
18759.35486111111,21021.48,1699.6,43980.94,48776.16574551551
18759.355555555554,21020.17,1699.57,43980.59,48775.28453799014
18759.35625,21018.74,1700.14,43980.35,48774.47173808959
18759.356944444444,21020.39,1700.04,43980.33,48775.1612879199
18759.35763888889,21018.51,1700.2,43980.49,48774.50095388162
18759.358333333334,21017.07,1700.64,43980.17,48773.60721766845
18759.359027777777,21019.15,1699.68,43980.49,48774.758630515025
18759.359722222223,21018.87,1699.2,43980.75,48774.85568691516
18759.360416666666,21020.51,1698.01,43981.11,48775.84561493834
18759.36111111111,21019.81,1698.9,43981.01,48775.48476710611
18759.361805555556,21019.48,1699.19,43980.74,48775.10919592185
18759.3625,21020.93,1698.46,43980.83,48775.789813445364
18759.363194444446,21021.96,1699.34,43980.73,48776.174204319264
18759.36388888889,21020.81,1699.61,43980.59,48775.56174926435
18759.364583333332,21020.37,1698.72,43980.59,48775.34111949807
18759.36527777778,21021.42,1699.3,43980.36,48775.60645482534
18759.365972222222,21022.87,1699.06,43980.29,48776.15991859753
18759.366666666665,21021.8,1698.65,43980.33,48775.7205376958
18759.36736111111,21021.38,1697.65,43980.37,48775.54077571873
18759.368055555555,21022.95,1696.64,43980.55,48776.344597505464
18759.36875,21023.78,1696.54,43980.51,48776.66279400529
18759.369444444445,21022.85,1695.32,43980.62,48776.31871727612
18759.370138888888,21022.39,1693.85,43980.82,48776.24972265703
18759.370833333334,21021.22,1693.32,43980.72,48775.63689619234
18759.371527777777,21020.66,1692.48,43980.82,48775.45656637567
18759.37222222222,21019.18,1692.73,43980.56,48774.59298281124
18759.372916666667,21015.97,1692.36,43980.31,48772.97146070352
18759.37361111111,21015.13,1691.36,43980.34,48772.60187935538
18759.374305555557,21013.33,1690.89,43980.44,48771.900201597644
18759.375,21011.36,1691.03,43980.44,48771.05631523783
18759.375694444443,21011.12,1692.81,43979.81,48770.446553077614
18759.37638888889,21010.82,1692.65,43979.64,48770.15845396137
18759.377083333333,21011.48,1692.66,43979.65,48770.45215895071
18759.37777777778,21011.17,1692.56,43979.68,48770.34218687521
18759.378472222223,21012.38,1691.11,43979.97,48771.074701070516
18759.379166666666,21012.91,1691.72,43979.93,48771.28813176252
18759.379861111112,21011.78,1692.54,43979.53,48770.46903035586
18759.380555555555,21012.57,1691.89,43979.56,48770.813890795376
18759.38125,21013.65,1691.72,43979.64,48771.34545417524
18759.381944444445,21012.99,1691.1,43979.66,48771.05762299707
18759.38263888889,21012.28,1691.0,43979.58,48770.676115620954
18759.383333333335,21012.23,1690.35,43979.6,48770.6500762026
18759.384027777778,21012.47,1689.86,43979.68,48770.808638189505
18759.38472222222,21012.28,1690.07,43979.6,48770.661914344564
18759.385416666668,21011.89,1690.2,43979.4,48770.31804050595
18759.38611111111,21011.66,1689.7,43979.42,48770.21965894761
18759.386805555554,21011.29,1690.07,43979.34,48770.000931972514
18759.3875,21010.95,1689.59,43979.27,48769.77469707544
18759.388194444444,21011.1,1689.8,43979.26,48769.8375781343
18759.38888888889,21010.93,1690.66,43979.08,48769.631825008684
18759.389583333334,21011.98,1690.8,43978.97,48769.98985463601
18759.390277777777,21013.5,1691.27,43978.82,48770.52578202639
18759.390972222223,21013.79,1691.05,43978.78,48770.60703492422
18759.391666666666,21014.95,1690.26,43978.87,48771.16062640913
18759.39236111111,21016.47,1690.1,43978.89,48771.82808653988
18759.393055555556,21016.74,1689.55,43978.91,48771.94341235748
18759.39375,21017.36,1688.92,43978.95,48772.22483379756
18759.394444444446,21017.56,1688.23,43979.01,48772.34123421389
18759.39513888889,21018.3,1687.62,43978.96,48772.5939317974
18759.395833333332,21019.95,1687.72,43978.89,48773.24535473316
18759.39652777778,21020.64,1689.48,43978.33,48773.0987150591
18759.397222222222,21019.07,1688.09,43978.33,48772.373953929084
18759.397916666665,21021.43,1687.1,43978.41,48773.428952483955
18759.39861111111,21023.32,1687.67,43978.21,48774.08296068108
18759.399305555555,21024.47,1686.4,43978.28,48774.59785071836
18759.4,21026.38,1684.69,43978.64,48775.686694808304
18759.400694444445,21026.41,1683.31,43979.0,48775.976577042515
18759.401388888888,21026.3,1681.82,43979.18,48776.04005733553
18759.402083333334,21027.54,1681.97,43979.07,48776.48059872093
18759.402777777777,21027.04,1682.67,43978.8,48776.04574922511
18759.40347222222,21025.86,1682.14,43978.7,48775.428623531334
18759.404166666667,21025.41,1682.31,43978.56,48775.11427231924
18759.40486111111,21027.03,1683.11,43978.28,48775.587763259195
18759.405555555557,21028.04,1684.1,43977.96,48775.76882851976
18759.40625,21030.27,1683.41,43978.17,48776.8957811985
18759.406944444443,21029.52,1681.83,43978.3,48776.63512860743
18759.40763888889,21031.06,1681.61,43978.38,48777.36364688133
18759.408333333333,21032.41,1681.08,43978.55,48778.08073794007
18759.40902777778,21035.1,1680.13,43978.65,48779.29811558793
18759.409722222223,21036.64,1685.55,43977.21,48778.85095690754
18759.410416666666,21034.9,1681.71,43977.0,48777.778706436606
18759.411111111112,21046.53,1680.37,43977.4,48783.10956814664
18759.411805555555,21049.54,1678.38,43978.07,48784.943728171915
18759.4125,21049.84,1673.59,43978.84,48785.60274568
18759.413194444445,21050.4,1672.11,43978.88,48785.82968512988
18759.41388888889,21049.42,1672.43,43978.41,48784.99411263058
18759.414583333335,21048.28,1668.99,43978.78,48784.717984906914
18759.415277777778,21048.35,1667.28,43979.13,48785.00523601284
18759.41597222222,21047.56,1668.23,43978.72,48784.32725911981
18759.416666666668,21044.7,1668.05,43978.41,48782.8077812317
18759.41736111111,21043.82,1667.59,43978.11,48782.141976061284
18759.418055555554,21044.4,1667.45,43978.03,48782.31527452751
18759.41875,21044.5,1666.54,43978.04,48782.336332562016
18759.419444444444,21045.81,1665.65,43978.1,48782.92516945453
18759.42013888889,21045.14,1663.57,43978.41,48782.84461665392
18759.420833333334,21046.01,1662.48,43978.53,48783.29096761923
18759.421527777777,21045.58,1662.52,43978.2,48782.80932384686
18759.422222222223,21043.67,1662.35,43977.99,48781.790240124436
18759.422916666666,21042.99,1661.43,43977.9,48781.38442269756
18759.42361111111,21044.9,1662.44,43977.72,48782.08051284816
18759.424305555556,21044.1,1662.89,43977.59,48781.63353322846
18759.425,21041.57,1662.01,43977.51,48780.44004624292
18759.425694444446,21043.44,1661.04,43977.65,48781.33987948363
18759.42638888889,21041.57,1661.88,43977.39,48780.32743239225
18759.427083333332,21040.18,1661.42,43977.01,48779.369608359026
18759.42777777778,21041.45,1661.46,43976.88,48779.801577789345
18759.428472222222,21039.35,1662.41,43976.5,48778.585544074565
18759.429166666665,21037.03,1662.59,43976.03,48777.16731514756
18759.42986111111,21037.58,1662.73,43975.78,48777.18390720912
18759.430555555555,21037.28,1663.31,43975.46,48776.7857916663
18759.43125,21037.09,1663.97,43975.11,48776.410808310815
18759.431944444445,21036.7,1664.28,43975.0,48776.15400796172
18759.432638888888,21036.24,1664.31,43974.86,48775.83041972018
18759.433333333334,21035.14,1665.05,43974.5,48775.05670496038
18759.434027777777,21035.95,1665.35,43974.15,48775.100730265025
18759.43472222222,21035.23,1665.49,43974.02,48774.677785234
18759.435416666667,21034.94,1665.88,43973.7,48774.27753096913
18759.43611111111,21035.74,1666.07,43973.58,48774.52085473419
18759.436805555557,21034.59,1665.81,43973.35,48773.80864405301
18759.4375,21034.03,1666.05,43973.14,48773.38600202983
18759.438194444443,21032.85,1666.09,43972.88,48772.644079493984
18759.43888888889,21032.35,1665.73,43972.72,48772.271908880764
18759.439583333333,21032.63,1665.47,43972.85,48772.500983241574
18759.44027777778,21032.3,1666.17,43972.65,48772.20226503413
18759.440972222223,21032.09,1666.04,43972.5,48771.972025946416
18759.441666666666,21032.84,1665.75,43972.34,48772.1412960688
18759.442361111112,21034.25,1664.97,43972.64,48772.99321072062
18759.443055555555,21034.11,1664.84,43972.65,48772.937411439554
18759.44375,21033.56,1665.29,43972.33,48772.42707397901
18759.444444444445,21032.25,1665.15,43972.1,48771.649992541774
18759.44513888889,21032.04,1664.94,43971.94,48771.408008471524
18759.445833333335,21035.21,1665.51,43971.86,48772.7224497854
18759.446527777778,21033.27,1665.86,43971.71,48771.76249385088
18759.44722222222,21032.77,1665.07,43971.42,48771.25842947053
18759.447916666668,21035.05,1664.63,43971.52,48772.31686776628
18759.44861111111,21035.65,1664.22,43971.68,48772.70590354097
18759.449305555554,21032.78,1663.8,43971.71,48771.48086015535
18759.45,21030.81,1664.79,43971.27,48770.26840620318
18759.450694444444,21029.87,1666.13,43970.63,48769.33179766461
18759.45138888889,21031.76,1666.33,43970.28,48769.838093281585
18759.452083333334,21034.54,1664.86,43970.74,48771.401537979196
18759.452777777777,21036.47,1663.61,43971.02,48772.44373755943
18759.453472222223,21038.96,1662.4,43971.38,48773.80106928309
18759.454166666666,21039.29,1661.19,43971.48,48773.99234541499
18759.45486111111,21040.48,1659.64,43971.71,48774.66026415868
18759.455555555556,21040.2,1659.02,43971.65,48774.46429355119
18759.45625,21041.38,1658.34,43971.56,48774.869068953936
18759.456944444446,21040.15,1658.31,43971.41,48774.202212508826
18759.45763888889,21039.92,1658.57,43971.15,48773.87743837679
18759.458333333332,21038.59,1658.86,43970.84,48773.03410690481
18759.45902777778,21036.59,1658.91,43970.61,48771.9657691619
18759.459722222222,21035.84,1659.42,43970.2,48771.289989931574
18759.460416666665,21036.81,1659.2,43970.1,48771.61073438215
18759.46111111111,21037.07,1658.62,43970.12,48771.721184552225
18759.461805555555,21037.72,1658.22,43970.24,48772.096141383954
18759.4625,21036.95,1658.23,43970.18,48771.710255718936
18759.463194444445,21034.12,1658.57,43969.98,48770.32089108806
18759.463888888888,21032.13,1659.15,43969.61,48769.14879933317
18759.464583333334,21031.09,1659.81,43969.43,48768.56047033888
18759.465277777777,21030.91,1660.67,43969.14,48768.25066184556
18759.46597222222,21033.98,1660.84,43969.25,48769.67961457713
18759.466666666667,21034.1,1659.4,43969.91,48770.27738877543
18759.46736111111,21028.96,1658.81,43970.32,48768.410371880076
18759.468055555557,21026.86,1660.95,43969.58,48766.91052074655
18759.46875,21024.68,1662.87,43968.87,48765.39587469992
18759.469444444443,21025.59,1663.37,43968.63,48765.58887865397
18759.47013888889,21027.73,1662.81,43969.02,48766.84412394757
18759.470833333333,21031.07,1662.62,43969.2,48768.44019700958
18759.47152777778,21035.71,1660.81,43969.91,48771.01978089345
18759.472222222223,21038.75,1658.11,43970.82,48773.05959038248
18759.472916666666,21039.96,1656.78,43971.24,48773.91499467312
18759.473611111112,21039.71,1656.1,43971.29,48773.82913364707
18759.474305555555,21040.28,1655.75,43971.17,48773.95495251333
18759.475,21042.84,1655.11,43971.13,48775.001566935905
18759.475694444445,21044.46,1653.31,43971.63,48776.090203137435
18759.47638888889,21043.86,1652.39,43971.82,48775.97144623673
18759.477083333335,21042.72,1652.49,43971.62,48775.30270149946
18759.477777777778,21040.02,1652.8,43971.29,48773.85092141588
18759.47847222222,21039.65,1653.26,43971.01,48773.45447238898
18759.479166666668,21040.98,1652.86,43970.95,48773.960567525166
18759.47986111111,21037.16,1653.52,43970.94,48772.32610548322
18759.480555555554,21036.43,1653.26,43970.82,48771.89423474241
18759.48125,21041.95,1651.36,43971.47,48774.79701252482
18759.481944444444,21043.8,1650.54,43972.33,48776.34269151901
18759.48263888889,21045.53,1648.26,43972.74,48777.381613982725
18759.483333333334,21046.71,1647.1,43973.36,48778.410489925765
18759.484027777777,21047.09,1647.36,43973.35,48778.57421717244
18759.484722222223,21045.87,1647.06,43973.35,48778.037690368394
18759.485416666666,21046.55,1645.14,43973.52,48778.41954914591
18759.48611111111,21048.72,1644.13,43973.73,48779.511141545896
18759.486805555556,21049.13,1644.07,43974.0,48779.92943744179
18759.4875,21048.08,1643.82,43973.79,48779.27862159198
18759.488194444446,21048.21,1644.0,43973.63,48779.196545053914
18759.48888888889,21049.42,1643.25,43973.74,48779.7925629712
18759.489583333332,21046.31,1643.47,43973.74,48778.45803061634
18759.49027777778,21044.17,1642.23,43973.56,48777.33069198642
18759.490972222222,21057.06,1636.69,43974.78,48783.806801520725
18759.491666666665,21061.37,1636.27,43975.63,48786.41941859128
18759.49236111111,21070.05,1631.12,43977.1,48791.31975942954
18759.493055555555,21075.06,1628.46,43978.1,48794.295932877234
18759.49375,21073.92,1628.58,43977.79,48793.52815965351
18759.494444444445,21067.87,1630.67,43976.62,48789.93069896902
18759.495138888888,21059.21,1633.33,43975.33,48785.11803123879
18759.495833333334,21053.08,1632.89,43974.52,48781.72728049818
18759.496527777777,21058.52,1631.59,43975.11,48784.563644974834
18759.49722222222,21046.67,1637.98,43974.22,48778.861417397806
18759.497916666667,21043.26,1634.99,43974.13,48777.20874532079
18759.49861111111,21044.3,1633.64,43974.27,48777.738407725505
18759.499305555557,21048.46,1632.63,43974.8,48779.97728708471
18759.5,21057.68,1626.21,43976.27,48785.06707035873
18759.500694444443,21066.06,1622.55,43977.9,48790.032187282886
18759.50138888889,21065.84,1621.5,43978.28,48790.24481301565
18759.502083333333,21061.25,1620.0,43978.09,48788.04209650762
18759.50277777778,21059.52,1620.28,43977.46,48786.73670128389
18759.503472222223,21056.25,1621.79,43976.87,48784.84356707009
18759.504166666666,21056.21,1620.61,43976.66,48784.59778548758
18759.504861111112,21061.2,1619.5,43977.04,48787.057431777954
18759.505555555555,21069.08,1616.36,43978.13,48791.338063153176
18759.50625,21075.08,1614.18,43978.86,48794.515070634734
18759.506944444445,21081.63,1611.1,43979.64,48797.94566573986
18759.50763888889,21079.91,1610.22,43979.72,48797.24567365355
18759.508333333335,21072.97,1611.14,43978.94,48793.5753992685
18759.509027777778,21063.08,1613.42,43977.54,48788.11830389035
18759.50972222222,21056.55,1615.95,43976.07,48784.058102518495
18759.510416666668,21053.11,1617.43,43975.52,48782.126642320545
18759.51111111111,21050.04,1617.18,43975.38,48780.66729041742
18759.511805555554,21052.58,1619.12,43975.72,48782.134268082205
18759.5125,21044.75,1628.69,43974.38,48777.86619013792
18759.513194444444,21027.09,1641.95,43971.72,48768.29578147057
18759.51388888889,20996.14,1656.0,43967.67,48751.7818764453
18759.514583333334,20980.56,1660.32,43965.75,48743.48913935583
18759.515277777777,20974.77,1660.74,43966.43,48741.62493029341
18759.515972222223,20973.95,1662.12,43967.51,48742.293309783854
18759.516666666666,20978.93,1659.91,43968.54,48745.29018156113
18759.51736111111,20998.84,1650.81,43971.94,48756.61967738638
18759.518055555556,21013.96,1646.76,43975.29,48766.01751182169
18759.51875,21024.77,1641.09,43977.89,48772.82992397611
18759.519444444446,21035.73,1634.97,43980.26,48779.48680748292
18759.52013888889,21033.48,1630.04,43981.65,48779.604836801416
18759.520833333332,21030.77,1630.69,43981.18,48778.03430706695
18759.52152777778,21029.57,1631.38,43980.31,48776.75555821031
18759.522222222222,21034.16,1627.47,43981.31,48779.50568448393
18759.522916666665,21039.86,1625.2,43982.44,48782.90696763776
18759.52361111111,21035.8,1627.63,43982.16,48780.98460796481
18759.524305555555,21031.55,1631.01,43981.1,48778.3091776724
18759.525,21028.54,1635.11,43980.28,48776.409340193335
18759.525694444445,21024.01,1635.54,43980.12,48774.3266769117
18759.526388888888,21021.19,1634.47,43980.73,48773.62537816827
18759.527083333334,21020.09,1634.65,43980.99,48773.39177882444
18759.527777777777,21019.91,1634.1,43981.65,48773.89092476219
18759.52847222222,21016.85,1634.6,43982.11,48773.00381496509
18759.529166666667,21011.97,1634.69,43982.22,48771.00338116287
18759.52986111111,21010.61,1633.98,43982.46,48770.61011371603
18759.530555555557,21016.63,1630.16,43983.56,48774.067991670534
18759.53125,21018.79,1627.3,43985.36,48776.52645160067
18759.531944444443,21028.84,1619.65,43986.48,48781.61334620351
18759.53263888889,21050.18,1607.14,43991.74,48795.1448941347
18759.533333333333,21054.79,1599.76,43993.3,48798.297704855446
18759.53402777778,21068.44,1594.37,43994.74,48805.31044259528
18759.534722222223,21062.34,1594.95,43994.41,48802.398947451344
18759.535416666666,21055.16,1597.02,43992.74,48797.86274227181
18759.536111111112,21047.34,1596.25,43991.97,48793.76968034956
18759.536805555555,21050.35,1593.94,43992.97,48795.894184521305
18759.5375,21050.21,1595.07,43992.77,48795.690400094754
18759.538194444445,21042.3,1603.78,43991.24,48791.18461685471
18759.53888888889,21030.33,1607.46,43989.63,48784.69283594394
18759.539583333335,21036.44,1604.1,43990.12,48787.65829897967
18759.540277777778,21039.71,1600.32,43992.0,48790.639317255314
18759.54097222222,21037.39,1599.11,43993.17,48790.654201938094
18759.541666666668,21034.45,1600.95,43992.4,48788.752653301155
18759.54236111111,21024.37,1602.5,43992.12,48784.20607370074
18759.543055555554,21016.17,1604.89,43991.0,48779.74122913118
18759.54375,21011.34,1606.05,43990.31,48777.07636886614
18759.544444444444,21005.11,1610.0,43989.69,48773.96408339392
18759.54513888889,20988.75,1620.14,43987.87,48765.61480509602
18759.545833333334,20967.31,1628.8,43984.67,48753.79239695103
18759.546527777777,20970.34,1631.26,43983.53,48754.149363557764
18759.547222222223,20969.39,1631.46,43985.28,48755.326225778655
18759.547916666666,20958.55,1634.97,43984.98,48750.51190094111
18759.54861111111,20956.04,1639.39,43983.73,48748.45348076799
18759.549305555556,20958.99,1637.59,43984.42,48750.283748554735
18759.55,20959.96,1637.86,43985.4,48751.59404307925
18759.550694444446,20950.36,1642.61,43984.65,48746.950544256615
18759.55138888889,20941.01,1647.76,43982.85,48741.48240421294
18759.552083333332,20939.15,1649.8,43981.88,48739.877011507735
18759.55277777778,20942.14,1648.81,43982.42,48741.61539436398
18759.553472222222,20944.19,1647.47,43983.3,48743.24497863268
18759.554166666665,20945.81,1645.38,43984.32,48744.79087823539
18759.55486111111,20949.44,1642.92,43985.37,48747.215268945365
18759.555555555555,20951.03,1642.3,43986.12,48748.55444016059
18759.55625,20948.76,1643.51,43986.01,48747.52041260971
18759.556944444445,20949.2,1642.74,43986.25,48747.90010256955
18759.557638888888,20950.91,1641.7,43986.79,48749.08720398978
18759.558333333334,20952.42,1641.38,43987.36,48750.239711517315
18759.559027777777,20953.85,1640.92,43987.94,48751.36217289216
18759.55972222222,20955.05,1640.78,43988.36,48752.25220439051
18759.560416666667,20958.04,1640.32,43988.95,48754.054318041075
18759.56111111111,20960.63,1639.91,43989.83,48755.9479267289
18759.561805555557,20964.09,1639.32,43990.56,48758.07429240925
18759.5625,20964.23,1638.23,43991.4,48758.85571858511
18759.563194444443,20965.19,1637.48,43991.94,48759.730489924776
18759.56388888889,20968.58,1636.84,43992.9,48762.032800243265
18759.564583333333,20971.26,1636.3,43993.85,48764.02425456804
18759.56527777778,20971.49,1635.62,43994.85,48765.00253385618
18759.565972222223,20970.21,1636.17,43995.17,48764.75923289174
18759.566666666666,20971.15,1636.63,43995.63,48765.59390775734
18759.567361111112,20972.21,1636.51,43996.4,48766.74041008072
18759.568055555555,20974.27,1636.42,43997.32,48768.45332416951
18759.56875,20976.12,1636.07,43998.17,48770.004087022586
18759.569444444445,20975.55,1636.65,43998.72,48770.274580561876
18759.57013888889,20974.04,1638.52,43998.66,48769.6338258511
18759.570833333335,20973.46,1639.96,43998.93,48769.67638110899
18759.571527777778,20974.0,1641.59,43999.24,48770.243123299064
18759.57222222222,20974.67,1642.32,43999.77,48771.03399195264
18759.572916666668,20973.9,1643.64,44000.17,48771.10818597933
18759.57361111111,20975.16,1644.82,44000.4,48771.89733871341
18759.574305555554,20976.11,1645.67,44000.96,48772.83979227168
18759.575,20975.39,1647.93,44001.14,48772.76883914424
18759.575694444444,20972.56,1650.25,44000.94,48771.449833890525
18759.57638888889,20972.55,1650.99,44001.09,48771.605906210425
18759.577083333334,20971.87,1651.63,44001.63,48771.822352775576
18759.577777777777,20971.41,1651.96,44002.08,48772.0417201915
18759.578472222223,20971.53,1652.27,44002.68,48772.645139219174
18759.579166666666,20971.28,1653.03,44002.95,48772.806990389625
18759.57986111111,20970.86,1653.72,44003.34,48773.00165187293
18759.580555555556,20970.56,1653.94,44003.81,48773.30416071173
18759.58125,20970.02,1653.97,44004.29,48773.50606595142
18759.581944444446,20969.52,1653.6,44004.94,48773.8649933958
18759.58263888889,20968.17,1653.72,44005.32,48773.63151631934
18759.583333333332,20967.58,1653.55,44005.84,48773.84127546752
18759.58402777778,20967.96,1653.01,44006.52,48774.59985619666
18759.584722222222,20968.25,1653.19,44007.16,48775.308061602234
18759.585416666665,20969.18,1653.05,44007.82,48776.2986021623
18759.58611111111,20969.02,1652.74,44008.45,48776.78772398301
18759.586805555555,20969.32,1652.86,44008.92,48777.34481302155
18759.5875,20968.76,1652.99,44009.46,48777.595690740025
18759.588194444445,20967.67,1653.91,44009.72,48777.392898712824
18759.588888888888,20967.66,1654.4,44010.11,48777.757097346126
18759.589583333334,20966.76,1655.19,44010.42,48777.67673239573
18759.590277777777,20967.45,1655.36,44010.93,48778.43925031837
18759.59097222222,20966.19,1656.88,44011.36,48778.33723590935
18759.591666666667,20964.28,1657.85,44011.49,48777.66655510491
18759.59236111111,20963.11,1658.62,44011.88,48777.541782165485
18759.593055555557,20962.03,1659.83,44012.19,48777.39851556149
18759.59375,20961.29,1661.5,44012.39,48777.317825257676
18759.594444444443,20961.17,1663.51,44012.47,48777.40695024593
18759.59513888889,20961.97,1664.83,44012.82,48778.11158257564
18759.595833333333,20963.76,1665.95,44013.38,48779.42436893346
18759.59652777778,20963.62,1667.32,44013.77,48779.76290532479
18759.597222222223,20962.91,1668.84,44013.89,48779.618034029336
18759.597916666666,20963.13,1670.16,44014.11,48779.956261917665
18759.598611111112,20964.2,1670.58,44014.47,48780.75530941787
18759.599305555555,20964.71,1670.82,44015.02,48781.47896955257
18759.6,20964.5,1671.32,44015.43,48781.775786427665
18759.600694444445,20962.88,1672.73,44015.27,48780.98355630193
18759.60138888889,20964.56,1673.29,44015.4,48781.8420375625
18759.602083333335,20962.79,1674.44,44015.66,48781.355445839145
18759.602777777778,20962.16,1674.44,44015.96,48781.3554127066
18759.60347222222,20961.45,1674.62,44016.18,48781.255006808715
18759.604166666668,20961.3,1675.22,44016.36,48781.37357012408
18759.60486111111,20962.1,1674.86,44016.82,48782.12003738665
18759.605555555554,20961.66,1674.42,44017.21,48782.267766844336
18759.60625,20961.2,1674.21,44017.33,48782.17117854637
18759.606944444444,20962.27,1673.41,44017.96,48783.17196680224
18759.60763888889,20963.79,1672.67,44018.46,48784.25091015132
18759.608333333334,20965.64,1672.02,44019.16,48785.65525434295
18759.609027777777,20966.29,1672.15,44019.53,48786.27289932589
18759.609722222223,20965.34,1673.12,44019.6,48785.961054487794
18759.610416666666,20965.83,1672.97,44019.76,48786.310853223986
18759.61111111111,20964.68,1673.24,44020.07,48786.10562859983
18759.611805555556,20963.32,1674.22,44020.09,48785.57288419292
18759.6125,20963.21,1674.37,44020.42,48785.82853019307
18759.613194444446,20963.92,1675.63,44020.66,48786.393436068836
18759.61388888889,20968.57,1678.39,44020.73,48788.549789575634
18759.614583333332,20977.65,1677.17,44021.99,48793.54775266398
18759.61527777778,20983.36,1677.74,44023.71,48797.57422824725
18759.615972222222,20990.86,1677.49,44025.19,48802.12629359299
18759.616666666665,20997.98,1676.41,44027.02,48806.80285215269
18759.61736111111,21003.68,1670.76,44029.55,48811.343822133196
18759.618055555555,21007.22,1667.61,44031.95,48814.924316677985
18759.61875,21005.25,1670.62,44032.38,48814.56736683528
18759.619444444445,21005.16,1672.73,44032.69,48814.88052750514
18759.620138888888,21003.52,1675.23,44033.18,48814.70258903254
18759.620833333334,21001.91,1677.86,44033.66,48814.533192721414
18759.621527777777,20999.83,1681.85,44033.63,48813.748579967716
18759.62222222222,20997.38,1683.4,44034.26,48813.31638161865
18759.622916666667,20992.51,1684.91,44034.85,48811.80607527957
18759.62361111111,20987.93,1686.47,44035.42,48810.40464206581
18759.624305555557,20982.31,1689.57,44035.28,48807.96927141509
18759.625,20979.01,1692.76,44034.61,48806.056743500594
18759.625694444443,20976.65,1693.5,44034.36,48804.84246549824
18759.62638888889,20976.15,1691.48,44034.55,48804.72894213634
18759.627083333333,20975.2,1687.91,44035.17,48804.75644993016
18759.62777777778,20974.52,1684.6,44035.65,48804.782934799536
18759.628472222223,20974.19,1682.05,44035.76,48804.652412820236
18759.629166666666,20976.33,1678.24,44036.03,48805.68458619754
18759.629861111112,20979.63,1671.57,44037.65,48808.33575040538
18759.630555555555,20982.52,1665.49,44038.94,48810.53409679206
18759.63125,20990.42,1660.04,44040.26,48814.935884886705
18759.631944444445,20997.39,1653.84,44042.01,48819.30169920295
18759.63263888889,21002.5,1650.01,44043.73,48822.921784372964
18759.633333333335,21000.34,1648.9,44044.64,48822.77607894906
18759.634027777778,20998.12,1652.83,44043.9,48821.286522922564
18759.63472222222,20993.53,1653.1,44044.2,48819.59232839721
18759.635416666668,20984.08,1657.76,44043.4,48814.96558663132
18759.63611111111,20977.28,1661.46,44042.47,48811.32951714079
18759.636805555554,20975.54,1661.29,44043.02,48811.07224263875
18759.6375,20973.56,1662.49,44043.75,48810.92097201404
18759.638194444444,20971.44,1662.1,44044.49,48810.66452573351
18759.63888888889,20967.68,1661.9,44045.18,48809.665000128814
18759.639583333334,20965.69,1660.81,44045.81,48809.34158117993
18759.640277777777,20966.2,1662.1,44046.01,48809.78504121996
18759.640972222223,20962.35,1662.32,44046.49,48808.572060909544
18759.641666666666,20956.17,1666.64,44045.54,48805.20816316738
18759.64236111111,20949.55,1668.23,44045.16,48802.07737341722
18759.643055555556,20940.09,1671.91,44044.28,48797.34883141296
18759.64375,20937.81,1674.21,44043.57,48795.80847844515
18759.644444444446,20932.14,1676.5,44043.51,48793.40027452176
18759.64513888889,20926.61,1678.49,44043.03,48790.663311263765
18759.645833333332,20926.23,1679.59,44042.81,48790.33958968824
18759.64652777778,20926.07,1680.23,44043.04,48790.50062193869
18759.647222222222,20926.25,1680.82,44043.06,48790.61619920884
18759.647916666665,20925.24,1683.62,44042.52,48789.792101549276
18759.64861111111,20923.4,1686.1,44041.66,48788.31229224475
18759.649305555555,20921.78,1686.52,44041.4,48787.39736898045
18759.65,20917.78,1685.48,44041.48,48785.71843838318
18759.650694444445,20911.99,1687.12,44040.65,48782.54351791223
18759.651388888888,20905.69,1688.0,44039.8,48779.10620763874
18759.652083333334,20899.76,1689.15,44039.02,48775.90058974308
18759.652777777777,20894.52,1689.25,44038.55,48773.23464458145
18759.65347222222,20892.01,1689.23,44038.22,48771.86074573534
18759.654166666667,20891.48,1690.58,44037.76,48771.26513782885
18759.65486111111,20891.66,1692.87,44037.04,48770.77155791264
18759.655555555557,20893.46,1695.3,44036.4,48771.04917696153
18759.65625,20894.51,1697.97,44035.71,48770.96887970445
18759.656944444443,20895.97,1699.86,44035.03,48771.046260680116
18759.65763888889,20897.97,1700.81,44034.44,48771.40361821259
18759.658333333333,20901.06,1700.98,44034.14,48772.4628004738
18759.65902777778,20904.62,1700.55,44033.98,48773.829071411856
18759.659722222223,20908.28,1699.68,44034.02,48775.403658208714
18759.660416666666,20911.09,1699.77,44033.75,48776.36766000006
18759.661111111112,20914.05,1699.47,44033.52,48777.41864094286
18759.661805555555,20914.37,1699.95,44033.24,48777.31980538701
18759.6625,20915.19,1700.13,44032.69,48777.18117510585
18759.663194444445,20917.96,1700.2,44032.4,48778.10964317498
18759.66388888889,20922.52,1700.93,44032.11,48779.8289979311
18759.664583333335,20925.34,1702.22,44031.94,48780.93015931123
18759.665277777778,20926.89,1703.79,44031.37,48781.13538564985
18759.66597222222,20928.68,1705.34,44030.74,48781.38882817503
18759.666666666668,20930.83,1707.05,44030.18,48781.86563697416
18759.66736111111,20933.43,1707.91,44029.73,48782.605219544195
18759.668055555554,20937.64,1708.16,44029.55,48784.258245439174
18759.66875,20942.17,1708.79,44029.46,48786.14347808812
18759.669444444444,20946.37,1708.9,44029.41,48787.905266930655
18759.67013888889,20949.99,1708.83,44029.29,48789.34882608191
18759.670833333334,20953.83,1708.26,44029.23,48790.92372859321
18759.671527777777,20956.83,1708.03,44029.28,48792.249255882845
18759.672222222223,20958.9,1707.64,44029.14,48792.99839853255
18759.672916666666,20960.75,1707.36,44028.9,48793.56672699896
18759.67361111111,20962.34,1707.07,44028.62,48793.98697959514
18759.674305555556,20963.4,1707.07,44028.33,48794.180699483004
18759.675,20963.78,1706.93,44028.03,48794.06836485558
18759.675694444446,20964.89,1706.87,44027.65,48794.20029502994
18759.67638888889,20966.62,1706.89,44027.31,48794.63754894179
18759.677083333332,20967.22,1706.67,44027.04,48794.64405217954
18759.67777777778,20968.24,1706.29,44026.9,48794.94274893352
18759.678472222222,20967.62,1706.14,44026.55,48794.355278725634
18759.679166666665,20969.34,1705.07,44026.42,48794.93971465586
18759.67986111111,20969.77,1705.39,44026.16,48794.901098891474
18759.680555555555,20968.89,1704.98,44025.83,48794.210843310095
18759.68125,20969.27,1704.66,44025.62,48794.173488572385
18759.681944444445,20970.22,1704.01,44025.47,48794.42371469716
18759.682638888888,20970.77,1703.64,44025.3,48794.49378498049
18759.683333333334,20970.86,1703.97,44024.99,48794.26428793245
18759.684027777777,20971.5,1703.85,44024.71,48794.28253040104
18759.68472222222,20970.62,1703.76,44024.48,48793.69365596747
18759.685416666667,20971.69,1704.1,44024.16,48793.87668521226
18759.68611111111,20973.08,1703.99,44024.08,48794.39810524258
18759.686805555557,20973.95,1703.79,44023.97,48794.665830677644
18759.6875,20974.7,1703.3,44023.91,48794.916975727094
18759.688194444443,20974.97,1703.24,44023.75,48794.886587233705
18759.68888888889,20975.2,1702.83,44023.63,48794.86287946509
18759.689583333333,20975.69,1702.55,44023.53,48794.97352329951
18759.69027777778,20976.14,1702.08,44023.36,48794.997195569136
18759.690972222223,20976.66,1701.6,44023.28,48795.13181941412
18759.691666666666,20976.89,1701.43,44023.11,48795.0713923968
18759.692361111112,20977.29,1701.04,44022.89,48795.031271409185
18759.693055555555,20977.6,1700.67,44022.81,48795.07947021912
18759.69375,20977.61,1700.71,44022.56,48794.85961420321
18759.694444444445,20977.83,1700.6,44022.27,48794.68872553446
18759.69513888889,20978.13,1700.44,44022.06,48794.622666171934
18759.695833333335,20978.46,1700.31,44021.98,48794.687837797464
18759.696527777778,20978.45,1700.08,44021.88,48794.58530557771
18759.69722222222,20978.57,1699.87,44021.61,48794.38599115579
18759.697916666668,20977.59,1700.07,44021.4,48793.78216712658
18759.69861111111,20977.41,1699.88,44021.16,48793.48163503093
18759.699305555554,20976.95,1699.52,44021.05,48793.172090318134
18759.7,20976.51,1699.61,44020.73,48792.69736000563
18759.700694444444,20976.18,1699.46,44020.52,48792.360803248695
18759.70138888889,20976.23,1699.22,44020.36,48792.22958782371
18759.702083333334,20975.99,1698.96,44020.27,48792.03615790798
18759.702777777777,20975.87,1698.7,44020.04,48791.7680100701
18759.703472222223,20975.5,1698.61,44019.83,48791.416349712585
18759.704166666666,20975.26,1698.27,44019.61,48791.10285300589
18759.70486111111,20974.83,1698.1,44019.36,48790.68652876797
18759.705555555556,20974.15,1698.04,44019.07,48790.13047460521
18759.70625,20973.8,1697.97,44018.88,48789.80615882071
18759.706944444446,20973.55,1697.7,44018.69,48789.51787227047
18759.70763888889,20973.49,1697.47,44018.52,48789.330700178696
18759.708333333332,20973.35,1697.34,44018.3,48789.067506851374
18759.70902777778,20973.04,1697.24,44018.12,48788.768367254364
18759.709722222222,20972.83,1697.19,44017.85,48788.432755392954
18759.710416666665,20972.43,1697.26,44017.6,48788.03768724973
18759.71111111111,20972.09,1697.22,44017.31,48787.628496706006
18759.711805555555,20971.51,1697.43,44016.93,48787.04363773132
18759.7125,20971.21,1697.54,44016.77,48786.774151901045
18759.713194444445,20970.83,1697.57,44016.52,48786.3862947872
18759.713888888888,20970.7,1697.88,44016.22,48786.070533224956
18759.714583333334,20970.69,1698.11,44015.88,48785.767482152005
18759.715277777777,20970.88,1698.28,44015.66,48785.656582323456
18759.71597222222,20971.09,1698.4,44015.52,48785.624718952815
18759.716666666667,20971.24,1698.69,44015.22,48785.4286288652
18759.71736111111,20971.35,1699.04,44015.01,48785.29863641505
18759.718055555557,20971.64,1699.34,44014.73,48785.181128064905
18759.71875,20971.87,1699.62,44014.49,48785.07322328624
18759.719444444443,20972.26,1699.89,44014.28,48785.06082232654
18759.72013888889,20972.67,1700.11,44014.17,48785.14550280546
18759.720833333333,20972.99,1700.25,44013.97,48785.10751001273
18759.72152777778,20973.38,1700.4,44013.81,48785.13605085569
18759.722222222223,20973.89,1700.58,44013.66,48785.226254103814
18759.722916666666,20974.36,1700.67,44013.5,48785.28710695982
18759.723611111112,20974.77,1700.74,44013.38,48785.357558645606
18759.724305555555,20975.24,1700.76,44013.2,48785.39793703849
18759.725,20975.89,1700.76,44013.11,48785.596211810305
18759.725694444445,20976.49,1700.68,44012.93,48785.68901191619
18759.72638888889,20976.94,1700.75,44012.81,48785.77668155135
18759.727083333335,20977.25,1700.8,44012.58,48785.7042222299
18759.727777777778,20977.67,1700.95,44012.38,48785.709616605964
18759.72847222222,20978.03,1701.03,44012.16,48785.66873178434
18759.729166666668,20978.27,1700.8,44011.98,48785.601527021274
18759.72986111111,20978.56,1700.61,44011.9,48785.64743503667
18759.730555555554,20978.65,1700.48,44011.75,48785.546282842835
18759.73125,20978.78,1700.36,44011.55,48785.41757349731
18759.731944444444,20978.93,1700.4,44011.25,48785.212827939984
18759.73263888889,20979.13,1700.54,44011.1,48785.16839223269
18759.733333333334,20979.31,1700.63,44010.94,48785.10459306816
18759.734027777777,20979.43,1700.68,44010.71,48784.95044879517
18759.734722222223,20979.45,1700.62,44010.5,48784.767509304584
18759.735416666666,20979.29,1700.7,44010.31,48784.53008577821
18759.73611111111,20979.28,1700.79,44010.09,48784.33045303174
18759.736805555556,20979.56,1700.87,44009.9,48784.28224910663
18759.7375,20979.96,1700.95,44009.71,48784.28565417557
18759.738194444446,20979.97,1701.16,44009.46,48784.071745172114
18759.73888888889,20980.2,1701.44,44009.16,48783.90978610879
18759.739583333332,20980.43,1701.8,44009.03,48783.90398241822
18759.74027777778,20980.64,1702.0,44008.79,48783.78476577745
18759.740972222222,20980.74,1702.23,44008.52,48783.59222639206
18759.741666666665,20980.99,1702.45,44008.37,48783.572106186526
18759.74236111111,20981.16,1702.63,44008.14,48783.444016613874
18759.743055555555,20981.36,1702.87,44007.95,48783.36701058056
18759.74375,20981.39,1703.08,44007.68,48783.14367484838
18759.744444444445,20981.5,1703.26,44007.57,48783.09803797315
18759.745138888888,20981.44,1703.43,44007.41,48782.933830865484
18759.745833333334,20981.36,1703.69,44007.2,48782.719060192816
18759.746527777777,20981.27,1703.9,44007.06,48782.56139099811
18759.74722222222,20981.35,1704.07,44006.82,48782.385231759625
18759.747916666667,20981.43,1704.26,44006.66,48782.28194076308
18759.74861111111,20981.65,1704.37,44006.57,48782.29921789563
18759.749305555557,20981.77,1704.37,44006.38,48782.17943198315
18759.75,20981.89,1704.46,44006.26,48782.125938209174
18759.750694444443,20982.02,1704.54,44006.22,48782.14856461737
18759.75138888889,20982.13,1704.67,44006.14,48782.128252520924
18759.752083333333,20982.36,1704.72,44005.97,48782.07557175996
18759.75277777778,20982.66,1704.74,44005.78,48782.03391159085
18759.753472222223,20982.93,1704.89,44005.68,48782.06508092293
18759.754166666666,20983.23,1705.08,44005.51,48782.04740885114
18759.754861111112,20983.5,1705.35,44005.37,48782.04669455147
18759.755555555555,20983.82,1705.62,44005.29,48782.12161602752
18759.75625,20984.1,1705.87,44005.15,48782.124510822614
18759.756944444445,20984.26,1706.06,44004.96,48782.02858710162
18759.75763888889,20984.52,1706.26,44004.89,48782.084280298026
18759.758333333335,20984.92,1706.33,44004.9,48782.26781818677
18759.759027777778,20985.3,1706.27,44004.75,48782.29387764991
18759.75972222222,20985.67,1706.19,44004.7,48782.40514524678
18759.760416666668,20985.93,1706.14,44004.67,48782.488184525806
18759.76111111111,20986.07,1705.94,44004.54,48782.42414989337
18759.761805555554,20986.34,1705.73,44004.56,48782.551001583546
18759.7625,20986.62,1705.41,44004.51,48782.615168035016
18759.763194444444,20986.78,1705.06,44004.47,48782.635684769026
18759.76388888889,20986.95,1704.96,44004.3,48782.55197705528
18759.764583333334,20987.19,1704.78,44004.29,48782.63991778838
18759.765277777777,20987.44,1704.56,44004.29,48782.73978520784
18759.765972222223,20987.68,1704.33,44004.21,48782.7628395051
18759.766666666666,20987.98,1704.08,44004.14,48782.82003191697
18759.76736111111,20988.27,1703.79,44004.08,48782.88054844036
18759.768055555556,20988.46,1703.79,44004.13,48783.007395942695
18759.76875,20988.78,1703.52,44004.06,48783.07250227685
18759.769444444446,20988.86,1703.26,44003.96,48783.00764004614
18759.77013888889,20989.16,1703.06,44003.75,48782.94030633762
18759.770833333332,20989.38,1702.96,44003.69,48782.977350322726
18759.77152777778,20989.68,1702.82,44003.62,48783.03840023908
18759.772222222222,20989.65,1702.83,44003.53,48782.94465888975
18759.772916666665,20989.94,1702.76,44003.45,48782.994831433825
18759.77361111111,20989.91,1702.71,44003.35,48782.88997563285
18759.774305555555,20989.99,1702.76,44003.23,48782.81789985691
18759.775,20990.04,1702.75,44003.21,48782.82102408798
18759.775694444445,20990.0,1702.69,44003.13,48782.729557016384
18759.776388888888,20989.84,1702.62,44003.07,48782.60414855792
18759.777083333334,20989.49,1702.51,44002.99,48782.37755276284
18759.777777777777,20989.26,1702.41,44002.93,48782.22097999024
18759.77847222222,20989.22,1702.41,44002.91,48782.185728855984
18759.779166666667,20989.11,1702.26,44002.87,48782.09708424393
18759.77986111111,20988.85,1702.23,44002.82,48781.93906814078
18759.780555555557,20988.66,1702.02,44002.67,48781.714687010535
18759.78125,20988.34,1702.16,44002.66,48781.57287026322
18759.781944444443,20988.41,1702.2,44002.55,48781.50515995381
18759.78263888889,20988.36,1702.1,44002.58,48781.507218986175
18759.783333333333,20988.4,1702.53,44002.42,48781.395109378536
18759.78402777778,20988.43,1702.59,44002.37,48781.36500949825
18759.784722222223,20988.56,1702.74,44002.29,48781.35401590756
18759.785416666666,20988.64,1702.81,44002.28,48781.381859722875
18759.786111111112,20988.68,1702.75,44002.3,48781.41501632461
18759.786805555555,20988.71,1702.72,44002.28,48781.40883636818
18759.7875,20988.76,1702.68,44002.24,48781.39287205317
18759.788194444445,20988.72,1702.63,44002.23,48781.36489611787
18759.78888888889,20988.64,1702.64,44002.13,48781.24062133004
18759.789583333335,20988.61,1702.62,44002.17,48781.26309665833
18759.790277777778,20988.71,1702.63,44002.13,48781.27039056998
18759.79097222222,20988.82,1702.63,44002.09,48781.28163832311
18759.791666666668,20988.94,1702.75,44002.0,48781.25627621843
18759.79236111111,20989.16,1702.7,44002.03,48781.376250742454
18759.793055555554,20989.41,1702.72,44002.08,48781.52961801116
18759.79375,20989.71,1702.71,44002.01,48781.59521036904
18759.794444444444,20990.08,1702.75,44002.03,48781.77385140684
18759.79513888889,20990.35,1702.75,44002.02,48781.881008888944
18759.795833333334,20990.62,1702.83,44001.92,48781.90977893034
18759.796527777777,20991.04,1703.09,44001.97,48782.14468133397
18759.797222222223,20991.24,1703.14,44001.86,48782.13326676889
18759.797916666666,20991.68,1703.11,44001.92,48782.375675861666
18759.79861111111,20992.0,1703.23,44001.92,48782.51756643254
18759.799305555556,20992.34,1703.3,44001.89,48782.63925965568
18759.8,20992.6,1703.41,44001.94,48782.80008519089
18759.800694444446,20992.68,1703.54,44001.91,48782.811991131675
18759.80138888889,20992.76,1703.38,44001.84,48782.77769077525
18759.802083333332,20993.01,1703.25,44001.91,48782.943874582845
18759.80277777778,20993.22,1703.04,44001.95,48783.062993343294
18759.803472222222,20993.33,1702.84,44002.02,48783.16648839945
18759.804166666665,20993.14,1702.77,44001.92,48782.99208145089
18759.80486111111,20993.3,1702.73,44001.94,48783.0775792846
18759.805555555555,20993.32,1702.46,44001.96,48783.094802560445
18759.80625,20993.76,1702.28,44001.96,48783.27787241854
18759.806944444445,20993.99,1702.17,44002.03,48783.43615357471
18759.807638888888,20994.17,1702.03,44002.03,48783.50873226218
18759.808333333334,20993.97,1701.86,44002.04,48783.42575078241
18759.809027777777,20994.19,1701.78,44002.02,48783.49959776256
18759.80972222222,20994.32,1701.77,44002.06,48783.59127451463
18759.810416666667,20994.23,1701.72,44002.04,48783.532758635876
18759.81111111111,20994.2,1701.84,44001.97,48783.46089512818
18759.811805555557,20994.45,1701.83,44001.92,48783.52303634702
18759.8125,20994.19,1701.9,44001.86,48783.35946637644
18759.813194444443,20993.92,1702.18,44001.74,48783.14480172839
18759.81388888889,20993.92,1702.47,44001.68,48783.100802323956
18759.814583333333,20993.6,1702.87,44001.62,48782.92293232643
18759.81527777778,20993.39,1703.25,44001.51,48782.74660712227
18759.815972222223,20993.15,1703.7,44001.38,48782.54177999441
18759.816666666666,20992.84,1704.18,44001.36,48782.407101204015
18759.817361111112,20992.72,1704.3,44001.4,48782.39573297318
18759.818055555555,20992.62,1704.6,44001.38,48782.3451417498
18759.81875,20992.54,1704.88,44001.35,48782.29344022788
18759.819444444445,20992.61,1705.17,44001.31,48782.297619701145
18759.82013888889,20992.52,1705.54,44001.31,48782.271824486605
18759.820833333335,20992.43,1705.66,44001.37,48782.29141007421
18759.821527777778,20992.63,1705.98,44001.36,48782.37964600435
18759.82222222222,20993.01,1706.31,44001.3,48782.50059566648
18759.822916666668,20993.28,1706.67,44001.3,48782.62938113628
18759.82361111111,20993.38,1706.86,44001.38,48782.75122200879
18759.824305555554,20993.36,1707.05,44001.4,48782.767303137894
18759.825,20993.45,1706.89,44001.44,48782.836514989576
18759.825694444444,20993.56,1706.63,44001.56,48782.98299472983
18759.82638888889,20993.4,1706.44,44001.63,48782.97063208123
18759.827083333334,20993.85,1706.1,44001.75,48783.26063410481
18759.827777777777,20994.33,1705.89,44001.88,48783.57711746239
18759.828472222223,20994.31,1706.05,44001.87,48783.565085748916
18759.829166666666,20994.26,1706.23,44001.81,48783.49574432525
18759.82986111111,20994.41,1706.07,44001.77,48783.51862284946
18759.830555555556,20994.32,1706.15,44001.84,48783.54582715876
18759.83125,20994.17,1706.32,44001.78,48783.43310079458
18759.831944444446,20994.07,1706.39,44001.76,48783.37447424686
18759.83263888889,20993.78,1706.64,44001.69,48783.19527905178
18759.833333333332,20993.5,1706.92,44001.57,48782.97634012607
18759.83402777778,20993.19,1707.04,44001.62,48782.892232442515
18759.834722222222,20992.9,1707.07,44001.61,48782.759464661285
18759.835416666665,20992.53,1707.12,44001.64,48782.629051588636
18759.83611111111,20992.35,1707.01,44001.67,48782.57480342238
18759.836805555555,20992.31,1706.89,44001.74,48782.61653125835
18759.8375,20992.37,1706.84,44001.86,48782.74884077464
18759.838194444445,20992.42,1706.5,44001.98,48782.86670160745
18759.838888888888,20992.21,1706.37,44002.04,48782.8259064868
18759.839583333334,20992.69,1705.92,44002.15,48783.1159429674
18759.840277777777,20992.66,1705.48,44002.19,48783.1237284176
18759.84097222222,20992.98,1705.21,44002.28,48783.33317458843
18759.841666666667,20993.28,1705.06,44002.29,48783.46605158453
18759.84236111111,20993.42,1704.91,44002.27,48783.503016464485
18759.843055555557,20993.8,1704.89,44002.21,48783.611728081385
18759.84375,20993.97,1704.89,44002.25,48783.720966481225
18759.844444444443,20993.91,1705.02,44002.18,48783.63654998364
18759.84513888889,20993.67,1704.97,44002.13,48783.486420167836
18759.845833333333,20993.36,1704.77,44002.1,48783.3189651186
18759.84652777778,20993.14,1704.47,44002.14,48783.24988784675
18759.847222222223,20992.99,1704.31,44002.1,48783.14366793309
18759.847916666666,20992.87,1704.35,44002.11,48783.10244553436
18759.848611111112,20992.23,1704.51,44002.07,48782.796547532
18759.849305555555,20991.42,1704.75,44002.0,48782.39323955827
18759.85,20990.51,1705.18,44001.85,48781.88139376135
18759.850694444445,20990.0,1705.64,44001.75,48781.587826475065
18759.85138888889,20989.51,1706.09,44001.78,48781.419785576145
18759.852083333335,20989.3,1706.57,44001.7,48781.27405618779
18759.852777777778,20989.09,1707.01,44001.67,48781.172033450566
18759.85347222222,20988.67,1707.24,44001.62,48780.95426917046
18759.854166666668,20988.09,1707.14,44001.68,48780.7553411189
18759.85486111111,20988.05,1707.0,44001.83,48780.868536255075
18759.855555555554,20987.97,1707.01,44001.89,48780.88858798187
18759.85625,20987.8,1707.1,44001.95,48780.872717208535
18759.856944444444,20987.45,1707.31,44001.91,48780.693400019445
18759.85763888889,20987.26,1707.74,44001.88,48780.59964524421
18759.858333333334,20986.91,1708.47,44001.77,48780.375400583995
18759.859027777777,20986.68,1708.93,44001.68,48780.211377050226
18759.859722222223,20986.42,1709.24,44001.68,48780.11037929702
18759.860416666666,20986.41,1709.31,44001.75,48780.17167278832
18759.86111111111,20986.22,1709.54,44001.83,48780.17015395601
18759.861805555556,20986.0,1709.6,44001.86,48780.1046700353
18759.8625,20986.66,1709.9,44001.91,48780.444233459995
18759.863194444446,20985.94,1709.68,44002.11,48780.307172445115
18759.86388888889,20986.26,1708.85,44002.18,48780.47890152883
18759.864583333332,20986.34,1709.09,44002.29,48780.62095205226
18759.86527777778,20985.9,1709.84,44002.2,48780.37675618752
18759.865972222222,20986.72,1709.7,44002.23,48780.75168979359
18759.866666666665,20985.64,1710.23,44002.18,48780.26053246231
18759.86736111111,20985.43,1711.17,44001.97,48780.01372421598
18759.868055555555,20984.83,1711.7,44001.9,48779.71105520101
18759.86875,20984.13,1711.88,44002.02,48779.524485912116
18759.869444444445,20983.51,1711.78,44002.18,48779.39859654791
18759.870138888888,20982.99,1712.08,44002.27,48779.26662445223
18759.870833333334,20983.0,1712.98,44002.22,48779.25741961229
18759.871527777777,20982.45,1713.49,44002.14,48778.96657948178
18759.87222222222,20981.81,1713.75,44002.26,48778.808667762685
18759.872916666667,20980.99,1713.94,44002.37,48778.561861955306
18759.87361111111,20980.5,1714.21,44002.47,48778.45079822646
18759.874305555557,20980.23,1714.49,44002.47,48778.344507720845
18759.875,20979.72,1714.98,44002.49,48778.160419176325
18759.875694444443,20979.12,1715.56,44002.58,48778.00394383108
18759.87638888889,20978.96,1716.2,44002.65,48778.020789532864
18759.877083333333,20978.78,1716.3,44002.69,48777.98297607744
18759.87777777778,20978.5,1716.22,44002.86,48778.0130952256
18759.878472222223,20978.35,1716.23,44002.97,48778.0481667348
18759.879166666666,20977.71,1716.15,44003.14,48777.92346468021
18759.879861111112,20977.28,1716.6,44003.14,48777.754372439085
18759.880555555555,20976.8,1717.35,44003.01,48777.457071095865
18759.88125,20975.98,1718.17,44002.87,48777.007015049625
18759.881944444445,20975.41,1719.4,44002.7,48776.65187687753
18759.88263888889,20975.14,1720.27,44002.74,48776.60253031262
18759.883333333335,20975.33,1721.03,44002.77,48776.73810888444
18759.884027777778,20975.44,1721.69,44002.83,48776.862831250226
18759.88472222222,20975.52,1722.48,44002.8,48776.898061078056
18759.885416666668,20975.98,1723.24,44002.95,48777.258038562395
18759.88611111111,20976.43,1723.08,44003.19,48777.66241229073
18759.886805555554,20977.02,1722.19,44003.6,48778.254575543186
18759.8875,20977.98,1721.55,44003.85,48778.87036520424
18759.888194444444,20978.53,1720.91,44004.11,48779.31886651453
18759.88888888889,20978.5,1719.78,44004.4,48779.527722789615
18759.889583333334,20978.94,1719.4,44004.43,48779.730621524555
18759.890277777777,20979.94,1718.95,44004.5,48780.20799213652
18759.890972222223,20980.84,1718.17,44004.65,48780.70291495399
18759.891666666666,20981.05,1717.21,44004.82,48780.91278890751
18759.89236111111,20981.76,1716.67,44004.81,48781.19014253957
18759.893055555556,20982.26,1715.95,44004.86,48781.424976415976
18759.89375,20982.52,1715.31,44004.91,48781.55940572831
18759.894444444446,20982.5,1714.81,44004.83,48781.46105760876
18759.89513888889,20982.4,1714.03,44004.82,48781.38161054174
18759.895833333332,20982.1,1713.29,44004.91,48781.30776375517
18759.89652777778,20981.4,1712.86,44004.82,48780.91039097159
18759.897222222222,20980.74,1712.88,44004.61,48780.4377808779
18759.897916666665,20980.42,1712.79,44004.4,48780.10754724204
18759.89861111111,20979.55,1712.83,44004.29,48779.63553795272
18759.899305555555,20978.5,1712.5,44004.21,48779.10019900019
18759.9,20977.52,1712.33,44004.23,48778.69081137992
18759.900694444445,20976.67,1712.33,44004.15,48778.25310053959
18759.901388888888,20976.28,1712.54,44004.06,48778.01156641792
18759.902083333334,20975.97,1712.96,44003.93,48777.775726732354
18759.902777777777,20975.61,1713.29,44003.85,48777.56033586243
18759.90347222222,20975.34,1713.48,44003.84,48777.44188220206
18759.904166666667,20975.1,1713.5,44003.84,48777.33938014249
18759.90486111111,20974.97,1713.5,44003.92,48777.35564908475
18759.905555555557,20974.89,1713.55,44003.87,48777.277897515974
18759.90625,20975.15,1713.79,44003.87,48777.398133392686
18759.906944444443,20975.91,1713.97,44003.86,48777.722255027445
18759.90763888889,20976.78,1714.16,44003.87,48778.11208575933
18759.908333333333,20979.96,1714.59,44003.77,48779.40461590936
18759.90902777778,20982.28,1716.87,44003.31,48780.06772803211
18759.909722222223,20983.25,1718.67,44002.89,48780.169490106324
18759.910416666666,20986.74,1719.96,44002.5,48781.364520472365
18759.911111111112,20988.57,1721.46,44002.29,48782.01533783327
18759.911805555555,20991.23,1721.47,44002.11,48782.99786120058
18759.9125,20994.67,1721.4,44002.18,48784.538853219674
18759.913194444445,20997.75,1721.11,44002.12,48785.800077368825
18759.91388888889,21000.16,1720.55,44002.06,48786.763538604406
18759.914583333335,21003.15,1719.42,44002.0,48787.95670100255
18759.915277777778,21005.19,1718.75,44001.87,48788.69410012427
18759.91597222222,21006.51,1716.63,44001.91,48789.22385717055
18759.916666666668,21007.19,1715.37,44001.87,48789.436248330436
18759.91736111111,21008.09,1713.86,44001.88,48789.779719548846
18759.918055555554,21007.99,1712.47,44001.91,48789.71490989777
18759.91875,21006.79,1711.98,44001.71,48789.00065125951
18759.919444444444,21006.38,1712.08,44001.48,48788.6201979642
18759.92013888889,21006.55,1712.42,44001.27,48788.515931229136
18759.920833333334,21007.07,1713.15,44001.01,48788.5309670982
18759.921527777777,21007.05,1713.61,44000.88,48788.421266823134
18759.922222222223,21007.53,1713.97,44000.75,48788.52334744617
18759.922916666666,21008.23,1713.98,44000.77,48788.84314847196
18759.92361111111,21008.64,1714.37,44000.65,48788.925173332114
18759.924305555556,21009.21,1714.62,44000.51,48789.05314544032
18759.925,21009.38,1715.19,44000.3,48788.95699654277
18759.925694444446,21009.56,1715.33,44000.11,48788.86807884151
18759.92638888889,21009.29,1715.65,44000.0,48788.66385982096
18759.927083333332,21009.05,1716.0,43999.86,48788.446561886965
18759.92777777778,21008.58,1716.33,43999.71,48788.1205045798
18759.928472222222,21008.3,1716.5,43999.58,48787.88867451019
18759.929166666665,21007.76,1716.59,43999.46,48787.55109387332
18759.92986111111,21006.78,1716.85,43999.35,48787.0390607321
18759.930555555555,21005.86,1717.04,43999.23,48786.54139508252
18759.93125,21005.26,1717.42,43999.06,48786.143114696
18759.931944444445,21004.5,1718.13,43998.91,48785.70561276121
18759.932638888888,21003.55,1718.89,43998.71,48785.142995575
18759.933333333334,21003.0,1719.54,43998.57,48784.80284736733
18759.934027777777,21002.02,1720.3,43998.4,48784.25441400534
18759.93472222222,21001.26,1720.63,43998.36,48783.90279461146
18759.935416666667,21001.03,1721.32,43998.31,48783.783027348334
18759.93611111111,21000.73,1721.7,43998.24,48783.60415672974
18759.936805555557,21000.04,1721.79,43998.23,48783.30128167425
18759.9375,20999.63,1721.98,43998.2,48783.10443685703
18759.938194444443,20999.28,1722.31,43998.15,48782.920327477324
18759.93888888889,20998.77,1722.75,43998.08,48782.653195186096
18759.939583333333,20998.35,1723.01,43998.03,48782.436491666755
18759.94027777778,20997.74,1723.17,43998.03,48782.17957243608
18759.940972222223,20997.38,1722.99,43998.08,48782.06335417661
18759.941666666666,20997.45,1722.6,43998.22,48782.2059815964
18759.942361111112,20997.11,1722.15,43998.32,48782.133940583204
18759.943055555555,20996.55,1721.96,43998.33,48781.89521669899
18759.94375,20996.27,1721.76,43998.37,48781.80371888067
18759.944444444445,20996.13,1721.57,43998.39,48781.75479453256
18759.94513888889,20995.74,1720.95,43998.44,48781.610156735296
18759.945833333335,20995.12,1720.22,43998.56,48781.42579646888
18759.946527777778,20994.68,1719.49,43998.63,48781.27382551013
18759.94722222222,20994.25,1718.7,43998.66,48781.08798036489
18759.947916666668,20993.91,1717.98,43998.81,48781.05158547322
18759.94861111111,20993.83,1717.17,43998.91,48781.07883253404
18759.949305555554,20993.51,1716.47,43999.03,48781.0247157837
18759.95,20993.09,1715.92,43999.05,48780.84265464261
18759.950694444444,20992.77,1715.58,43998.94,48780.59376568617
18759.95138888889,20992.21,1714.99,43999.02,48780.404183899496
18759.952083333334,20991.91,1714.82,43999.0,48780.25106618969
18759.952777777777,20991.87,1714.81,43998.88,48780.12526313765
18759.953472222223,20991.74,1714.68,43998.88,48780.06474969462
18759.954166666666,20991.48,1714.78,43998.77,48779.85716001739
18759.95486111111,20991.58,1714.44,43998.78,48779.897262073035
18759.955555555556,20991.67,1714.68,43998.69,48779.86324916666
18759.95625,20991.86,1714.69,43998.64,48779.90026543003
18759.956944444446,20991.69,1714.46,43998.61,48779.79196429399
18759.95763888889,20991.14,1714.79,43998.48,48779.449623320885
18759.958333333332,20990.68,1714.5,43998.49,48779.2505005202
18759.95902777778,20990.56,1714.31,43998.47,48779.17414461422
18759.959722222222,20990.32,1714.42,43998.43,48779.03865497659
18759.960416666665,20989.89,1714.41,43998.43,48778.85326988633
18759.96111111111,20989.26,1714.35,43998.42,48778.5710508877
18759.961805555555,20988.84,1714.11,43998.45,48778.40895355444
18759.9625,20988.44,1713.93,43998.48,48778.25757434249
18759.963194444445,20987.7,1713.85,43998.49,48777.9453789579
18759.963888888888,20986.95,1713.63,43998.53,48777.651032417496
18759.964583333334,20986.11,1713.41,43998.6,48777.345035581835
18759.965277777777,20985.49,1713.32,43998.59,48777.06610642546
18759.96597222222,20985.18,1713.43,43998.6,48776.945619393795
18759.966666666667,20985.19,1713.67,43998.6,48776.95835294571
18759.96736111111,20985.04,1713.89,43998.56,48776.86546722021
18759.968055555557,20984.84,1714.0,43998.49,48776.72014502103
18759.96875,20984.76,1714.23,43998.51,48776.71185074492
18759.969444444443,20984.98,1714.3,43998.55,48776.84504140156
18759.97013888889,20985.16,1713.99,43998.68,48777.02885260745
18759.970833333333,20984.98,1714.09,43998.66,48776.93688541851
18759.97152777778,20985.18,1714.51,43998.58,48776.96552870935
18759.972222222223,20985.38,1714.69,43998.58,48777.05790181384
18759.972916666666,20985.64,1714.84,43998.59,48777.18405590158
18759.973611111112,20985.96,1714.92,43998.61,48777.34258505787
18759.974305555555,20986.2,1715.06,43998.58,48777.423704619745
18759.975,20986.31,1715.55,43998.51,48777.42512104037
18759.975694444445,20986.55,1715.77,43998.46,48777.49101754825
18759.97638888889,20986.88,1715.99,43998.43,48777.613679631766
18759.977083333335,20987.19,1716.3,43998.39,48777.72188589992
18759.977777777778,20987.34,1716.42,43998.4,48777.79966800471
18759.97847222222,20987.51,1716.18,43998.45,48777.90946929767
18759.979166666668,20987.45,1715.84,43998.56,48777.97091394536
18759.97986111111,20987.34,1715.47,43998.62,48777.964692070746
18759.980555555554,20987.07,1715.28,43998.63,48777.85086020293
18759.98125,20986.89,1714.92,43998.69,48777.814877202116
18759.981944444444,20986.68,1714.67,43998.74,48777.76083646009
18759.98263888889,20986.51,1714.3,43998.79,48777.71979023005
18759.983333333334,20986.43,1713.68,43998.9,48777.76280742384
18759.984027777777,20986.26,1713.24,43998.98,48777.746371943016
18759.984722222223,20986.03,1713.43,43998.91,48777.59094824077
18759.985416666666,20986.1,1713.67,43998.83,48777.55733375545
18759.98611111111,20985.98,1714.04,43998.76,48777.45556319641
18759.986805555556,20985.9,1714.47,43998.67,48777.355073433406
18759.9875,20985.95,1714.73,43998.64,48777.35866388216
18759.988194444446,20985.98,1715.1,43998.61,48777.35751865306
18759.98888888889,20986.04,1715.44,43998.57,48777.35920814185
18759.989583333332,20986.18,1715.58,43998.58,48777.433386200224
18759.99027777778,20986.22,1715.66,43998.6,48777.47145029147
18759.990972222222,20986.05,1715.89,43998.6,48777.40639942431
18759.991666666665,20986.12,1716.17,43998.53,48777.38322505831
18759.99236111111,20986.16,1716.4,43998.51,48777.39048704533
18759.993055555555,20986.02,1716.42,43998.54,48777.35801771556
18759.99375,20985.62,1716.32,43998.57,48777.20946478693
18759.994444444445,20985.59,1716.2,43998.62,48777.23743707202
18759.995138888888,20985.66,1716.12,43998.65,48777.291799694045
18759.995833333334,20985.54,1716.16,43998.69,48777.27766033382
18759.996527777777,20985.69,1716.18,43998.7,48777.351919292414
18759.99722222222,20985.84,1715.93,43998.78,48777.479821726134
18759.997916666667,20986.04,1715.69,43998.84,48777.61154877614
18759.99861111111,20986.39,1715.53,43998.87,48777.78356680324
18759.999305555557,20986.8,1715.67,43998.82,48777.91979145175
